,TP,reg,temp,Vin_real,Vin,SLOPE,MEAN,Volt
0,1.0,0.0,-30.0,1.08,1.08,0.0,0.0,0.533075504
1,1.0,0.0,-30.0,1.08,1.08,0.0,1.0,0.542256906
2,1.0,0.0,-30.0,1.08,1.08,0.0,2.0,0.547070389
3,1.0,0.0,-30.0,1.08,1.08,0.0,3.0,0.549377282
4,1.0,0.0,-30.0,1.08,1.08,0.0,4.0,0.550098093
5,1.0,0.0,-30.0,1.08,1.08,0.0,5.0,0.550296253
6,1.0,0.0,-30.0,1.08,1.08,0.0,6.0,0.550367111
7,1.0,0.0,-30.0,1.08,1.08,0.0,7.0,0.550407857
8,1.0,0.0,-30.0,1.08,1.08,0.0,8.0,0.550438693
9,1.0,0.0,-30.0,1.08,1.08,0.0,9.0,0.550480849
10,1.0,0.0,-30.0,1.08,1.08,0.0,10.0,0.550502728
11,1.0,0.0,-30.0,1.08,1.08,0.0,11.0,0.550501334
12,1.0,0.0,-30.0,1.08,1.08,0.0,12.0,0.55047126
13,1.0,0.0,-30.0,1.08,1.08,0.0,13.0,0.550470334
14,1.0,0.0,-30.0,1.08,1.08,0.0,14.0,0.550499449
15,1.0,0.0,-30.0,1.08,1.08,0.0,15.0,0.550484573
16,1.0,0.0,-30.0,1.08,1.08,1.0,0.0,0.525580977
17,1.0,0.0,-30.0,1.08,1.08,1.0,1.0,0.537050738
18,1.0,0.0,-30.0,1.08,1.08,1.0,2.0,0.545527037
19,1.0,0.0,-30.0,1.08,1.08,1.0,3.0,0.548515227
20,1.0,0.0,-30.0,1.08,1.08,1.0,4.0,0.549593403
21,1.0,0.0,-30.0,1.08,1.08,1.0,5.0,0.550108549
22,1.0,0.0,-30.0,1.08,1.08,1.0,6.0,0.550322944
23,1.0,0.0,-30.0,1.08,1.08,1.0,7.0,0.550418601
24,1.0,0.0,-30.0,1.08,1.08,1.0,8.0,0.550461056
25,1.0,0.0,-30.0,1.08,1.08,1.0,9.0,0.550471597
26,1.0,0.0,-30.0,1.08,1.08,1.0,10.0,0.550462597
27,1.0,0.0,-30.0,1.08,1.08,1.0,11.0,0.550446694
28,1.0,0.0,-30.0,1.08,1.08,1.0,12.0,0.550433453
29,1.0,0.0,-30.0,1.08,1.08,1.0,13.0,0.550443438
30,1.0,0.0,-30.0,1.08,1.08,1.0,14.0,0.550469107
31,1.0,0.0,-30.0,1.08,1.08,1.0,15.0,0.550466317
32,1.0,0.0,-30.0,1.08,1.08,2.0,0.0,0.515119551
33,1.0,0.0,-30.0,1.08,1.08,2.0,1.0,0.527733458
34,1.0,0.0,-30.0,1.08,1.08,2.0,2.0,0.539558426
35,1.0,0.0,-30.0,1.08,1.08,2.0,3.0,0.546098924
36,1.0,0.0,-30.0,1.08,1.08,2.0,4.0,0.549100731
37,1.0,0.0,-30.0,1.08,1.08,2.0,5.0,0.549802009
38,1.0,0.0,-30.0,1.08,1.08,2.0,6.0,0.550160576
39,1.0,0.0,-30.0,1.08,1.08,2.0,7.0,0.550329729
40,1.0,0.0,-30.0,1.08,1.08,2.0,8.0,0.550411178
41,1.0,0.0,-30.0,1.08,1.08,2.0,9.0,0.550399958
42,1.0,0.0,-30.0,1.08,1.08,2.0,10.0,0.550418212
43,1.0,0.0,-30.0,1.08,1.08,2.0,11.0,0.550449124
44,1.0,0.0,-30.0,1.08,1.08,2.0,12.0,0.550450944
45,1.0,0.0,-30.0,1.08,1.08,2.0,13.0,0.550441229
46,1.0,0.0,-30.0,1.08,1.08,2.0,14.0,0.550431426
47,1.0,0.0,-30.0,1.08,1.08,2.0,15.0,0.550439031
48,1.0,0.0,-30.0,1.08,1.08,3.0,0.0,0.507871066
49,1.0,0.0,-30.0,1.08,1.08,3.0,1.0,0.520846006
50,1.0,0.0,-30.0,1.08,1.08,3.0,2.0,0.532236154
51,1.0,0.0,-30.0,1.08,1.08,3.0,3.0,0.540409194
52,1.0,0.0,-30.0,1.08,1.08,3.0,4.0,0.547966759
53,1.0,0.0,-30.0,1.08,1.08,3.0,5.0,0.549355846
54,1.0,0.0,-30.0,1.08,1.08,3.0,6.0,0.549913331
55,1.0,0.0,-30.0,1.08,1.08,3.0,7.0,0.550160915
56,1.0,0.0,-30.0,1.08,1.08,3.0,8.0,0.550274226
57,1.0,0.0,-30.0,1.08,1.08,3.0,9.0,0.550328487
58,1.0,0.0,-30.0,1.08,1.08,3.0,10.0,0.550361614
59,1.0,0.0,-30.0,1.08,1.08,3.0,11.0,0.550351
60,1.0,0.0,-30.0,1.08,1.08,3.0,12.0,0.550322124
61,1.0,0.0,-30.0,1.08,1.08,3.0,13.0,0.550322357
62,1.0,0.0,-30.0,1.08,1.08,3.0,14.0,0.55033017
63,1.0,0.0,-30.0,1.08,1.08,3.0,15.0,0.550321214
64,1.0,0.0,-30.0,1.08,1.08,4.0,0.0,0.49397
65,1.0,0.0,-30.0,1.08,1.08,4.0,1.0,0.50698318
66,1.0,0.0,-30.0,1.08,1.08,4.0,2.0,0.520201484
67,1.0,0.0,-30.0,1.08,1.08,4.0,3.0,0.529348077
68,1.0,0.0,-30.0,1.08,1.08,4.0,4.0,0.541804692
69,1.0,0.0,-30.0,1.08,1.08,4.0,5.0,0.546898575
70,1.0,0.0,-30.0,1.08,1.08,4.0,6.0,0.549338553
71,1.0,0.0,-30.0,1.08,1.08,4.0,7.0,0.54989701
72,1.0,0.0,-30.0,1.08,1.08,4.0,8.0,0.550209834
73,1.0,0.0,-30.0,1.08,1.08,4.0,9.0,0.550281792
74,1.0,0.0,-30.0,1.08,1.08,4.0,10.0,0.550330832
75,1.0,0.0,-30.0,1.08,1.08,4.0,11.0,0.550363647
76,1.0,0.0,-30.0,1.08,1.08,4.0,12.0,0.550355663
77,1.0,0.0,-30.0,1.08,1.08,4.0,13.0,0.550344301
78,1.0,0.0,-30.0,1.08,1.08,4.0,14.0,0.550366455
79,1.0,0.0,-30.0,1.08,1.08,4.0,15.0,0.550356709
80,1.0,0.0,-30.0,1.08,1.08,5.0,0.0,0.488258907
81,1.0,0.0,-30.0,1.08,1.08,5.0,1.0,0.501362865
82,1.0,0.0,-30.0,1.08,1.08,5.0,2.0,0.515576775
83,1.0,0.0,-30.0,1.08,1.08,5.0,3.0,0.527424715
84,1.0,0.0,-30.0,1.08,1.08,5.0,4.0,0.540391369
85,1.0,0.0,-30.0,1.08,1.08,5.0,5.0,0.546188983
86,1.0,0.0,-30.0,1.08,1.08,5.0,6.0,0.548707782
87,1.0,0.0,-30.0,1.08,1.08,5.0,7.0,0.549531188
88,1.0,0.0,-30.0,1.08,1.08,5.0,8.0,0.549990086
89,1.0,0.0,-30.0,1.08,1.08,5.0,9.0,0.550164882
90,1.0,0.0,-30.0,1.08,1.08,5.0,10.0,0.550243582
91,1.0,0.0,-30.0,1.08,1.08,5.0,11.0,0.550288382
92,1.0,0.0,-30.0,1.08,1.08,5.0,12.0,0.550305
93,1.0,0.0,-30.0,1.08,1.08,5.0,13.0,0.550307298
94,1.0,0.0,-30.0,1.08,1.08,5.0,14.0,0.550339107
95,1.0,0.0,-30.0,1.08,1.08,5.0,15.0,0.550344338
96,1.0,0.0,-30.0,1.08,1.08,6.0,0.0,0.480547731
97,1.0,0.0,-30.0,1.08,1.08,6.0,1.0,0.493699866
98,1.0,0.0,-30.0,1.08,1.08,6.0,2.0,0.507949676
99,1.0,0.0,-30.0,1.08,1.08,6.0,3.0,0.520120167
100,1.0,0.0,-30.0,1.08,1.08,6.0,4.0,0.53451142
101,1.0,0.0,-30.0,1.08,1.08,6.0,5.0,0.542694026
102,1.0,0.0,-30.0,1.08,1.08,6.0,6.0,0.54743334
103,1.0,0.0,-30.0,1.08,1.08,6.0,7.0,0.548958529
104,1.0,0.0,-30.0,1.08,1.08,6.0,8.0,0.549748334
105,1.0,0.0,-30.0,1.08,1.08,6.0,9.0,0.55002379
106,1.0,0.0,-30.0,1.08,1.08,6.0,10.0,0.550178103
107,1.0,0.0,-30.0,1.08,1.08,6.0,11.0,0.550253154
108,1.0,0.0,-30.0,1.08,1.08,6.0,12.0,0.550294733
109,1.0,0.0,-30.0,1.08,1.08,6.0,13.0,0.550304235
110,1.0,0.0,-30.0,1.08,1.08,6.0,14.0,0.550278919
111,1.0,0.0,-30.0,1.08,1.08,6.0,15.0,0.550267636
112,1.0,0.0,-30.0,1.08,1.08,7.0,0.0,0.47542385
113,1.0,0.0,-30.0,1.08,1.08,7.0,1.0,0.488527759
114,1.0,0.0,-30.0,1.08,1.08,7.0,2.0,0.502670451
115,1.0,0.0,-30.0,1.08,1.08,7.0,3.0,0.514897562
116,1.0,0.0,-30.0,1.08,1.08,7.0,4.0,0.529840441
117,1.0,0.0,-30.0,1.08,1.08,7.0,5.0,0.539444567
118,1.0,0.0,-30.0,1.08,1.08,7.0,6.0,0.546030356
119,1.0,0.0,-30.0,1.08,1.08,7.0,7.0,0.547791189
120,1.0,0.0,-30.0,1.08,1.08,7.0,8.0,0.549312251
121,1.0,0.0,-30.0,1.08,1.08,7.0,9.0,0.549735899
122,1.0,0.0,-30.0,1.08,1.08,7.0,10.0,0.549962324
123,1.0,0.0,-30.0,1.08,1.08,7.0,11.0,0.550099585
124,1.0,0.0,-30.0,1.08,1.08,7.0,12.0,0.550201448
125,1.0,0.0,-30.0,1.08,1.08,7.0,13.0,0.55020781
126,1.0,0.0,-30.0,1.08,1.08,7.0,14.0,0.550194374
127,1.0,0.0,-30.0,1.08,1.08,7.0,15.0,0.550202849
128,1.0,0.0,-30.0,1.08,1.08,8.0,0.0,0.463865655
129,1.0,0.0,-30.0,1.08,1.08,8.0,1.0,0.476605929
130,1.0,0.0,-30.0,1.08,1.08,8.0,2.0,0.490702442
131,1.0,0.0,-30.0,1.08,1.08,8.0,3.0,0.503130275
132,1.0,0.0,-30.0,1.08,1.08,8.0,4.0,0.518742591
133,1.0,0.0,-30.0,1.08,1.08,8.0,5.0,0.529605309
134,1.0,0.0,-30.0,1.08,1.08,8.0,6.0,0.539873788
135,1.0,0.0,-30.0,1.08,1.08,8.0,7.0,0.545611809
136,1.0,0.0,-30.0,1.08,1.08,8.0,8.0,0.548605583
137,1.0,0.0,-30.0,1.08,1.08,8.0,9.0,0.54936823
138,1.0,0.0,-30.0,1.08,1.08,8.0,10.0,0.549741119
139,1.0,0.0,-30.0,1.08,1.08,8.0,11.0,0.549879848
140,1.0,0.0,-30.0,1.08,1.08,8.0,12.0,0.549996792
141,1.0,0.0,-30.0,1.08,1.08,8.0,13.0,0.550067399
142,1.0,0.0,-30.0,1.08,1.08,8.0,14.0,0.550084467
143,1.0,0.0,-30.0,1.08,1.08,8.0,15.0,0.550093091
144,1.0,0.0,-30.0,1.08,1.08,9.0,0.0,0.455861737
145,1.0,0.0,-30.0,1.08,1.08,9.0,1.0,0.468478999
146,1.0,0.0,-30.0,1.08,1.08,9.0,2.0,0.482544382
147,1.0,0.0,-30.0,1.08,1.08,9.0,3.0,0.49632308
148,1.0,0.0,-30.0,1.08,1.08,9.0,4.0,0.514322543
149,1.0,0.0,-30.0,1.08,1.08,9.0,5.0,0.525555583
150,1.0,0.0,-30.0,1.08,1.08,9.0,6.0,0.536214478
151,1.0,0.0,-30.0,1.08,1.08,9.0,7.0,0.54156162
152,1.0,0.0,-30.0,1.08,1.08,9.0,8.0,0.547221074
153,1.0,0.0,-30.0,1.08,1.08,9.0,9.0,0.548761311
154,1.0,0.0,-30.0,1.08,1.08,9.0,10.0,0.549485368
155,1.0,0.0,-30.0,1.08,1.08,9.0,11.0,0.549832397
156,1.0,0.0,-30.0,1.08,1.08,9.0,12.0,0.550057271
157,1.0,0.0,-30.0,1.08,1.08,9.0,13.0,0.550112468
158,1.0,0.0,-30.0,1.08,1.08,9.0,14.0,0.550127409
159,1.0,0.0,-30.0,1.08,1.08,9.0,15.0,0.550160525
160,1.0,0.0,-30.0,1.08,1.08,10.0,0.0,0.45259669
161,1.0,0.0,-30.0,1.08,1.08,10.0,1.0,0.46653978
162,1.0,0.0,-30.0,1.08,1.08,10.0,2.0,0.480498732
163,1.0,0.0,-30.0,1.08,1.08,10.0,3.0,0.492783285
164,1.0,0.0,-30.0,1.08,1.08,10.0,4.0,0.508424318
165,1.0,0.0,-30.0,1.08,1.08,10.0,5.0,0.519901317
166,1.0,0.0,-30.0,1.08,1.08,10.0,6.0,0.531783451
167,1.0,0.0,-30.0,1.08,1.08,10.0,7.0,0.54044554
168,1.0,0.0,-30.0,1.08,1.08,10.0,8.0,0.546906092
169,1.0,0.0,-30.0,1.08,1.08,10.0,9.0,0.548671687
170,1.0,0.0,-30.0,1.08,1.08,10.0,10.0,0.549485402
171,1.0,0.0,-30.0,1.08,1.08,10.0,11.0,0.549830872
172,1.0,0.0,-30.0,1.08,1.08,10.0,12.0,0.550066467
173,1.0,0.0,-30.0,1.08,1.08,10.0,13.0,0.550166303
174,1.0,0.0,-30.0,1.08,1.08,10.0,14.0,0.550211524
175,1.0,0.0,-30.0,1.08,1.08,10.0,15.0,0.55025088
176,1.0,0.0,-30.0,1.08,1.08,11.0,0.0,0.450135976
177,1.0,0.0,-30.0,1.08,1.08,11.0,1.0,0.462644314
178,1.0,0.0,-30.0,1.08,1.08,11.0,2.0,0.476621652
179,1.0,0.0,-30.0,1.08,1.08,11.0,3.0,0.488820976
180,1.0,0.0,-30.0,1.08,1.08,11.0,4.0,0.504461074
181,1.0,0.0,-30.0,1.08,1.08,11.0,5.0,0.515919681
182,1.0,0.0,-30.0,1.08,1.08,11.0,6.0,0.528085839
183,1.0,0.0,-30.0,1.08,1.08,11.0,7.0,0.537496778
184,1.0,0.0,-30.0,1.08,1.08,11.0,8.0,0.545654556
185,1.0,0.0,-30.0,1.08,1.08,11.0,9.0,0.548215453
186,1.0,0.0,-30.0,1.08,1.08,11.0,10.0,0.549331753
187,1.0,0.0,-30.0,1.08,1.08,11.0,11.0,0.54970406
188,1.0,0.0,-30.0,1.08,1.08,11.0,12.0,0.550094548
189,1.0,0.0,-30.0,1.08,1.08,11.0,13.0,0.550262748
190,1.0,0.0,-30.0,1.08,1.08,11.0,14.0,0.550349398
191,1.0,0.0,-30.0,1.08,1.08,11.0,15.0,0.55040768
192,1.0,0.0,-30.0,1.08,1.08,12.0,0.0,0.443496796
193,1.0,0.0,-30.0,1.08,1.08,12.0,1.0,0.455794256
194,1.0,0.0,-30.0,1.08,1.08,12.0,2.0,0.469555226
195,1.0,0.0,-30.0,1.08,1.08,12.0,3.0,0.481622981
196,1.0,0.0,-30.0,1.08,1.08,12.0,4.0,0.497207629
197,1.0,0.0,-30.0,1.08,1.08,12.0,5.0,0.508785876
198,1.0,0.0,-30.0,1.08,1.08,12.0,6.0,0.52118321
199,1.0,0.0,-30.0,1.08,1.08,12.0,7.0,0.531498919
200,1.0,0.0,-30.0,1.08,1.08,12.0,8.0,0.542180776
201,1.0,0.0,-30.0,1.08,1.08,12.0,9.0,0.546667286
202,1.0,0.0,-30.0,1.08,1.08,12.0,10.0,0.548830391
203,1.0,0.0,-30.0,1.08,1.08,12.0,11.0,0.549626012
204,1.0,0.0,-30.0,1.08,1.08,12.0,12.0,0.550100118
205,1.0,0.0,-30.0,1.08,1.08,12.0,13.0,0.550318
206,1.0,0.0,-30.0,1.08,1.08,12.0,14.0,0.550383509
207,1.0,0.0,-30.0,1.08,1.08,12.0,15.0,0.550449642
208,1.0,0.0,-30.0,1.08,1.08,13.0,0.0,0.440160788
209,1.0,0.0,-30.0,1.08,1.08,13.0,1.0,0.452464513
210,1.0,0.0,-30.0,1.08,1.08,13.0,2.0,0.466058624
211,1.0,0.0,-30.0,1.08,1.08,13.0,3.0,0.478127117
212,1.0,0.0,-30.0,1.08,1.08,13.0,4.0,0.493618842
213,1.0,0.0,-30.0,1.08,1.08,13.0,5.0,0.505192148
214,1.0,0.0,-30.0,1.08,1.08,13.0,6.0,0.517821263
215,1.0,0.0,-30.0,1.08,1.08,13.0,7.0,0.528296722
216,1.0,0.0,-30.0,1.08,1.08,13.0,8.0,0.540072937
217,1.0,0.0,-30.0,1.08,1.08,13.0,9.0,0.545718961
218,1.0,0.0,-30.0,1.08,1.08,13.0,10.0,0.548495765
219,1.0,0.0,-30.0,1.08,1.08,13.0,11.0,0.549478352
220,1.0,0.0,-30.0,1.08,1.08,13.0,12.0,0.550004562
221,1.0,0.0,-30.0,1.08,1.08,13.0,13.0,0.550240489
222,1.0,0.0,-30.0,1.08,1.08,13.0,14.0,0.550367768
223,1.0,0.0,-30.0,1.08,1.08,13.0,15.0,0.550427305
224,1.0,0.0,-30.0,1.08,1.08,14.0,0.0,0.43592818
225,1.0,0.0,-30.0,1.08,1.08,14.0,1.0,0.447952887
226,1.0,0.0,-30.0,1.08,1.08,14.0,2.0,0.461499616
227,1.0,0.0,-30.0,1.08,1.08,14.0,3.0,0.473401345
228,1.0,0.0,-30.0,1.08,1.08,14.0,4.0,0.488928335
229,1.0,0.0,-30.0,1.08,1.08,14.0,5.0,0.500661006
230,1.0,0.0,-30.0,1.08,1.08,14.0,6.0,0.513364828
231,1.0,0.0,-30.0,1.08,1.08,14.0,7.0,0.523998499
232,1.0,0.0,-30.0,1.08,1.08,14.0,8.0,0.536586519
233,1.0,0.0,-30.0,1.08,1.08,14.0,9.0,0.543544157
234,1.0,0.0,-30.0,1.08,1.08,14.0,10.0,0.547613689
235,1.0,0.0,-30.0,1.08,1.08,14.0,11.0,0.549053002
236,1.0,0.0,-30.0,1.08,1.08,14.0,12.0,0.549822459
237,1.0,0.0,-30.0,1.08,1.08,14.0,13.0,0.550081632
238,1.0,0.0,-30.0,1.08,1.08,14.0,14.0,0.550242218
239,1.0,0.0,-30.0,1.08,1.08,14.0,15.0,0.550349141
240,1.0,0.0,-30.0,1.08,1.08,15.0,0.0,0.43276446
241,1.0,0.0,-30.0,1.08,1.08,15.0,1.0,0.444875023
242,1.0,0.0,-30.0,1.08,1.08,15.0,2.0,0.458314815
243,1.0,0.0,-30.0,1.08,1.08,15.0,3.0,0.470185918
244,1.0,0.0,-30.0,1.08,1.08,15.0,4.0,0.485670604
245,1.0,0.0,-30.0,1.08,1.08,15.0,5.0,0.496753927
246,1.0,0.0,-30.0,1.08,1.08,15.0,6.0,0.509710124
247,1.0,0.0,-30.0,1.08,1.08,15.0,7.0,0.521026208
248,1.0,0.0,-30.0,1.08,1.08,15.0,8.0,0.533995014
249,1.0,0.0,-30.0,1.08,1.08,15.0,9.0,0.54179258
250,1.0,0.0,-30.0,1.08,1.08,15.0,10.0,0.546664606
251,1.0,0.0,-30.0,1.08,1.08,15.0,11.0,0.548503335
252,1.0,0.0,-30.0,1.08,1.08,15.0,12.0,0.549625488
253,1.0,0.0,-30.0,1.08,1.08,15.0,13.0,0.549853231
254,1.0,0.0,-30.0,1.08,1.08,15.0,14.0,0.550173712
255,1.0,0.0,-30.0,1.08,1.08,15.0,15.0,0.550268986
256,1.0,0.0,-30.0,1.2,1.2,0.0,0.0,0.553474774
257,1.0,0.0,-30.0,1.2,1.2,0.0,1.0,0.568641559
258,1.0,0.0,-30.0,1.2,1.2,0.0,2.0,0.585085036
259,1.0,0.0,-30.0,1.2,1.2,0.0,3.0,0.599639036
260,1.0,0.0,-30.0,1.2,1.2,0.0,4.0,0.617449372
261,1.0,0.0,-30.0,1.2,1.2,0.0,5.0,0.630322381
262,1.0,0.0,-30.0,1.2,1.2,0.0,6.0,0.642554898
263,1.0,0.0,-30.0,1.2,1.2,0.0,7.0,0.650031523
264,1.0,0.0,-30.0,1.2,1.2,0.0,8.0,0.654239339
265,1.0,0.0,-30.0,1.2,1.2,0.0,9.0,0.655378218
266,1.0,0.0,-30.0,1.2,1.2,0.0,10.0,0.655903858
267,1.0,0.0,-30.0,1.2,1.2,0.0,11.0,0.656117178
268,1.0,0.0,-30.0,1.2,1.2,0.0,12.0,0.656241615
269,1.0,0.0,-30.0,1.2,1.2,0.0,13.0,0.656249728
270,1.0,0.0,-30.0,1.2,1.2,0.0,14.0,0.65625404
271,1.0,0.0,-30.0,1.2,1.2,0.0,15.0,0.65628158
272,1.0,0.0,-30.0,1.2,1.2,1.0,0.0,0.537123277
273,1.0,0.0,-30.0,1.2,1.2,1.0,1.0,0.552102212
274,1.0,0.0,-30.0,1.2,1.2,1.0,2.0,0.568603857
275,1.0,0.0,-30.0,1.2,1.2,1.0,3.0,0.583094974
276,1.0,0.0,-30.0,1.2,1.2,1.0,4.0,0.60102082
277,1.0,0.0,-30.0,1.2,1.2,1.0,5.0,0.614579756
278,1.0,0.0,-30.0,1.2,1.2,1.0,6.0,0.62864041
279,1.0,0.0,-30.0,1.2,1.2,1.0,7.0,0.639349665
280,1.0,0.0,-30.0,1.2,1.2,1.0,8.0,0.64941612
281,1.0,0.0,-30.0,1.2,1.2,1.0,9.0,0.653265069
282,1.0,0.0,-30.0,1.2,1.2,1.0,10.0,0.654955004
283,1.0,0.0,-30.0,1.2,1.2,1.0,11.0,0.65559176
284,1.0,0.0,-30.0,1.2,1.2,1.0,12.0,0.655872661
285,1.0,0.0,-30.0,1.2,1.2,1.0,13.0,0.656035615
286,1.0,0.0,-30.0,1.2,1.2,1.0,14.0,0.656118403
287,1.0,0.0,-30.0,1.2,1.2,1.0,15.0,0.656144771
288,1.0,0.0,-30.0,1.2,1.2,2.0,0.0,0.522846212
289,1.0,0.0,-30.0,1.2,1.2,2.0,1.0,0.537490341
290,1.0,0.0,-30.0,1.2,1.2,2.0,2.0,0.553657602
291,1.0,0.0,-30.0,1.2,1.2,2.0,3.0,0.568126707
292,1.0,0.0,-30.0,1.2,1.2,2.0,4.0,0.585980406
293,1.0,0.0,-30.0,1.2,1.2,2.0,5.0,0.599684546
294,1.0,0.0,-30.0,1.2,1.2,2.0,6.0,0.616595984
295,1.0,0.0,-30.0,1.2,1.2,2.0,7.0,0.629730819
296,1.0,0.0,-30.0,1.2,1.2,2.0,8.0,0.642911783
297,1.0,0.0,-30.0,1.2,1.2,2.0,9.0,0.649916182
298,1.0,0.0,-30.0,1.2,1.2,2.0,10.0,0.653607766
299,1.0,0.0,-30.0,1.2,1.2,2.0,11.0,0.654948189
300,1.0,0.0,-30.0,1.2,1.2,2.0,12.0,0.655622263
301,1.0,0.0,-30.0,1.2,1.2,2.0,13.0,0.655868393
302,1.0,0.0,-30.0,1.2,1.2,2.0,14.0,0.655997095
303,1.0,0.0,-30.0,1.2,1.2,2.0,15.0,0.656055622
304,1.0,0.0,-30.0,1.2,1.2,3.0,0.0,0.515800875
305,1.0,0.0,-30.0,1.2,1.2,3.0,1.0,0.530336953
306,1.0,0.0,-30.0,1.2,1.2,3.0,2.0,0.546441237
307,1.0,0.0,-30.0,1.2,1.2,3.0,3.0,0.560734082
308,1.0,0.0,-30.0,1.2,1.2,3.0,4.0,0.578831742
309,1.0,0.0,-30.0,1.2,1.2,3.0,5.0,0.592541062
310,1.0,0.0,-30.0,1.2,1.2,3.0,6.0,0.607182035
311,1.0,0.0,-30.0,1.2,1.2,3.0,7.0,0.61993684
312,1.0,0.0,-30.0,1.2,1.2,3.0,8.0,0.634501406
313,1.0,0.0,-30.0,1.2,1.2,3.0,9.0,0.64409946
314,1.0,0.0,-30.0,1.2,1.2,3.0,10.0,0.650966441
315,1.0,0.0,-30.0,1.2,1.2,3.0,11.0,0.653753414
316,1.0,0.0,-30.0,1.2,1.2,3.0,12.0,0.655146336
317,1.0,0.0,-30.0,1.2,1.2,3.0,13.0,0.65558556
318,1.0,0.0,-30.0,1.2,1.2,3.0,14.0,0.655840904
319,1.0,0.0,-30.0,1.2,1.2,3.0,15.0,0.655978814
320,1.0,0.0,-30.0,1.2,1.2,4.0,0.0,0.498246261
321,1.0,0.0,-30.0,1.2,1.2,4.0,1.0,0.513382886
322,1.0,0.0,-30.0,1.2,1.2,4.0,2.0,0.528416226
323,1.0,0.0,-30.0,1.2,1.2,4.0,3.0,0.545454181
324,1.0,0.0,-30.0,1.2,1.2,4.0,4.0,0.563120408
325,1.0,0.0,-30.0,1.2,1.2,4.0,5.0,0.576828803
326,1.0,0.0,-30.0,1.2,1.2,4.0,6.0,0.59152676
327,1.0,0.0,-30.0,1.2,1.2,4.0,7.0,0.604479271
328,1.0,0.0,-30.0,1.2,1.2,4.0,8.0,0.620094623
329,1.0,0.0,-30.0,1.2,1.2,4.0,9.0,0.631511206
330,1.0,0.0,-30.0,1.2,1.2,4.0,10.0,0.64212847
331,1.0,0.0,-30.0,1.2,1.2,4.0,11.0,0.647902442
332,1.0,0.0,-30.0,1.2,1.2,4.0,12.0,0.652826036
333,1.0,0.0,-30.0,1.2,1.2,4.0,13.0,0.654534574
334,1.0,0.0,-30.0,1.2,1.2,4.0,14.0,0.655331768
335,1.0,0.0,-30.0,1.2,1.2,4.0,15.0,0.655638184
336,1.0,0.0,-30.0,1.2,1.2,5.0,0.0,0.49216379
337,1.0,0.0,-30.0,1.2,1.2,5.0,1.0,0.507529626
338,1.0,0.0,-30.0,1.2,1.2,5.0,2.0,0.523050781
339,1.0,0.0,-30.0,1.2,1.2,5.0,3.0,0.53694905
340,1.0,0.0,-30.0,1.2,1.2,5.0,4.0,0.5544872
341,1.0,0.0,-30.0,1.2,1.2,5.0,5.0,0.568104778
342,1.0,0.0,-30.0,1.2,1.2,5.0,6.0,0.582728348
343,1.0,0.0,-30.0,1.2,1.2,5.0,7.0,0.595686463
344,1.0,0.0,-30.0,1.2,1.2,5.0,8.0,0.61159719
345,1.0,0.0,-30.0,1.2,1.2,5.0,9.0,0.623367623
346,1.0,0.0,-30.0,1.2,1.2,5.0,10.0,0.633926912
347,1.0,0.0,-30.0,1.2,1.2,5.0,11.0,0.641932433
348,1.0,0.0,-30.0,1.2,1.2,5.0,12.0,0.650132249
349,1.0,0.0,-30.0,1.2,1.2,5.0,13.0,0.653276854
350,1.0,0.0,-30.0,1.2,1.2,5.0,14.0,0.65477224
351,1.0,0.0,-30.0,1.2,1.2,5.0,15.0,0.655407626
352,1.0,0.0,-30.0,1.2,1.2,6.0,0.0,0.481212272
353,1.0,0.0,-30.0,1.2,1.2,6.0,1.0,0.494912167
354,1.0,0.0,-30.0,1.2,1.2,6.0,2.0,0.509971257
355,1.0,0.0,-30.0,1.2,1.2,6.0,3.0,0.523612704
356,1.0,0.0,-30.0,1.2,1.2,6.0,4.0,0.540997949
357,1.0,0.0,-30.0,1.2,1.2,6.0,5.0,0.554301844
358,1.0,0.0,-30.0,1.2,1.2,6.0,6.0,0.569030902
359,1.0,0.0,-30.0,1.2,1.2,6.0,7.0,0.581968919
360,1.0,0.0,-30.0,1.2,1.2,6.0,8.0,0.598071938
361,1.0,0.0,-30.0,1.2,1.2,6.0,9.0,0.610188252
362,1.0,0.0,-30.0,1.2,1.2,6.0,10.0,0.62301789
363,1.0,0.0,-30.0,1.2,1.2,6.0,11.0,0.633590492
364,1.0,0.0,-30.0,1.2,1.2,6.0,12.0,0.644679738
365,1.0,0.0,-30.0,1.2,1.2,6.0,13.0,0.650471939
366,1.0,0.0,-30.0,1.2,1.2,6.0,14.0,0.653612951
367,1.0,0.0,-30.0,1.2,1.2,6.0,15.0,0.654774746
368,1.0,0.0,-30.0,1.2,1.2,7.0,0.0,0.477700138
369,1.0,0.0,-30.0,1.2,1.2,7.0,1.0,0.491334939
370,1.0,0.0,-30.0,1.2,1.2,7.0,2.0,0.506368368
371,1.0,0.0,-30.0,1.2,1.2,7.0,3.0,0.519977093
372,1.0,0.0,-30.0,1.2,1.2,7.0,4.0,0.537006227
373,1.0,0.0,-30.0,1.2,1.2,7.0,5.0,0.550417665
374,1.0,0.0,-30.0,1.2,1.2,7.0,6.0,0.564945961
375,1.0,0.0,-30.0,1.2,1.2,7.0,7.0,0.577917271
376,1.0,0.0,-30.0,1.2,1.2,7.0,8.0,0.593943444
377,1.0,0.0,-30.0,1.2,1.2,7.0,9.0,0.606254711
378,1.0,0.0,-30.0,1.2,1.2,7.0,10.0,0.619257022
379,1.0,0.0,-30.0,1.2,1.2,7.0,11.0,0.630158277
380,1.0,0.0,-30.0,1.2,1.2,7.0,12.0,0.641998241
381,1.0,0.0,-30.0,1.2,1.2,7.0,13.0,0.648729581
382,1.0,0.0,-30.0,1.2,1.2,7.0,14.0,0.652811112
383,1.0,0.0,-30.0,1.2,1.2,7.0,15.0,0.654439391
384,1.0,0.0,-30.0,1.2,1.2,8.0,0.0,0.467131163
385,1.0,0.0,-30.0,1.2,1.2,8.0,1.0,0.480494699
386,1.0,0.0,-30.0,1.2,1.2,8.0,2.0,0.495156884
387,1.0,0.0,-30.0,1.2,1.2,8.0,3.0,0.508470649
388,1.0,0.0,-30.0,1.2,1.2,8.0,4.0,0.525212481
389,1.0,0.0,-30.0,1.2,1.2,8.0,5.0,0.538415935
390,1.0,0.0,-30.0,1.2,1.2,8.0,6.0,0.552730844
391,1.0,0.0,-30.0,1.2,1.2,8.0,7.0,0.565567627
392,1.0,0.0,-30.0,1.2,1.2,8.0,8.0,0.58160682
393,1.0,0.0,-30.0,1.2,1.2,8.0,9.0,0.593918464
394,1.0,0.0,-30.0,1.2,1.2,8.0,10.0,0.607193601
395,1.0,0.0,-30.0,1.2,1.2,8.0,11.0,0.617904028
396,1.0,0.0,-30.0,1.2,1.2,8.0,12.0,0.632078843
397,1.0,0.0,-30.0,1.2,1.2,8.0,13.0,0.639789164
398,1.0,0.0,-30.0,1.2,1.2,8.0,14.0,0.646741349
399,1.0,0.0,-30.0,1.2,1.2,8.0,15.0,0.651420705
400,1.0,0.0,-30.0,1.2,1.2,9.0,0.0,0.458726409
401,1.0,0.0,-30.0,1.2,1.2,9.0,1.0,0.471771862
402,1.0,0.0,-30.0,1.2,1.2,9.0,2.0,0.486305269
403,1.0,0.0,-30.0,1.2,1.2,9.0,3.0,0.49926895
404,1.0,0.0,-30.0,1.2,1.2,9.0,4.0,0.515873883
405,1.0,0.0,-30.0,1.2,1.2,9.0,5.0,0.52882333
406,1.0,0.0,-30.0,1.2,1.2,9.0,6.0,0.543100729
407,1.0,0.0,-30.0,1.2,1.2,9.0,7.0,0.555869754
408,1.0,0.0,-30.0,1.2,1.2,9.0,8.0,0.571782463
409,1.0,0.0,-30.0,1.2,1.2,9.0,9.0,0.584011753
410,1.0,0.0,-30.0,1.2,1.2,9.0,10.0,0.597353036
411,1.0,0.0,-30.0,1.2,1.2,9.0,11.0,0.609011574
412,1.0,0.0,-30.0,1.2,1.2,9.0,12.0,0.622981145
413,1.0,0.0,-30.0,1.2,1.2,9.0,13.0,0.633042963
414,1.0,0.0,-30.0,1.2,1.2,9.0,14.0,0.643827426
415,1.0,0.0,-30.0,1.2,1.2,9.0,15.0,0.650241542
416,1.0,0.0,-30.0,1.2,1.2,10.0,0.0,0.455291123
417,1.0,0.0,-30.0,1.2,1.2,10.0,1.0,0.46830998
418,1.0,0.0,-30.0,1.2,1.2,10.0,2.0,0.482594887
419,1.0,0.0,-30.0,1.2,1.2,10.0,3.0,0.495581278
420,1.0,0.0,-30.0,1.2,1.2,10.0,4.0,0.512084767
421,1.0,0.0,-30.0,1.2,1.2,10.0,5.0,0.522566628
422,1.0,0.0,-30.0,1.2,1.2,10.0,6.0,0.535691735
423,1.0,0.0,-30.0,1.2,1.2,10.0,7.0,0.548251319
424,1.0,0.0,-30.0,1.2,1.2,10.0,8.0,0.564001005
425,1.0,0.0,-30.0,1.2,1.2,10.0,9.0,0.576252225
426,1.0,0.0,-30.0,1.2,1.2,10.0,10.0,0.589652821
427,1.0,0.0,-30.0,1.2,1.2,10.0,11.0,0.601278521
428,1.0,0.0,-30.0,1.2,1.2,10.0,12.0,0.615518034
429,1.0,0.0,-30.0,1.2,1.2,10.0,13.0,0.626012162
430,1.0,0.0,-30.0,1.2,1.2,10.0,14.0,0.636590241
431,1.0,0.0,-30.0,1.2,1.2,10.0,15.0,0.644455686
432,1.0,0.0,-30.0,1.2,1.2,11.0,0.0,0.447710512
433,1.0,0.0,-30.0,1.2,1.2,11.0,1.0,0.460550125
434,1.0,0.0,-30.0,1.2,1.2,11.0,2.0,0.474597048
435,1.0,0.0,-30.0,1.2,1.2,11.0,3.0,0.487391811
436,1.0,0.0,-30.0,1.2,1.2,11.0,4.0,0.503536208
437,1.0,0.0,-30.0,1.2,1.2,11.0,5.0,0.516104859
438,1.0,0.0,-30.0,1.2,1.2,11.0,6.0,0.531447771
439,1.0,0.0,-30.0,1.2,1.2,11.0,7.0,0.545958555
440,1.0,0.0,-30.0,1.2,1.2,11.0,8.0,0.561687278
441,1.0,0.0,-30.0,1.2,1.2,11.0,9.0,0.573967579
442,1.0,0.0,-30.0,1.2,1.2,11.0,10.0,0.587381299
443,1.0,0.0,-30.0,1.2,1.2,11.0,11.0,0.599118129
444,1.0,0.0,-30.0,1.2,1.2,11.0,12.0,0.613333071
445,1.0,0.0,-30.0,1.2,1.2,11.0,13.0,0.62411781
446,1.0,0.0,-30.0,1.2,1.2,11.0,14.0,0.634905647
447,1.0,0.0,-30.0,1.2,1.2,11.0,15.0,0.643127061
448,1.0,0.0,-30.0,1.2,1.2,12.0,0.0,0.443775814
449,1.0,0.0,-30.0,1.2,1.2,12.0,1.0,0.456332242
450,1.0,0.0,-30.0,1.2,1.2,12.0,2.0,0.468130162
451,1.0,0.0,-30.0,1.2,1.2,12.0,3.0,0.479859901
452,1.0,0.0,-30.0,1.2,1.2,12.0,4.0,0.495777997
453,1.0,0.0,-30.0,1.2,1.2,12.0,5.0,0.508210894
454,1.0,0.0,-30.0,1.2,1.2,12.0,6.0,0.521996813
455,1.0,0.0,-30.0,1.2,1.2,12.0,7.0,0.534330875
456,1.0,0.0,-30.0,1.2,1.2,12.0,8.0,0.550290565
457,1.0,0.0,-30.0,1.2,1.2,12.0,9.0,0.565503255
458,1.0,0.0,-30.0,1.2,1.2,12.0,10.0,0.578823994
459,1.0,0.0,-30.0,1.2,1.2,12.0,11.0,0.590540969
460,1.0,0.0,-30.0,1.2,1.2,12.0,12.0,0.604874986
461,1.0,0.0,-30.0,1.2,1.2,12.0,13.0,0.612517149
462,1.0,0.0,-30.0,1.2,1.2,12.0,14.0,0.623994717
463,1.0,0.0,-30.0,1.2,1.2,12.0,15.0,0.636591502
464,1.0,0.0,-30.0,1.2,1.2,13.0,0.0,0.439762448
465,1.0,0.0,-30.0,1.2,1.2,13.0,1.0,0.452230988
466,1.0,0.0,-30.0,1.2,1.2,13.0,2.0,0.466056072
467,1.0,0.0,-30.0,1.2,1.2,13.0,3.0,0.478562722
468,1.0,0.0,-30.0,1.2,1.2,13.0,4.0,0.494588241
469,1.0,0.0,-30.0,1.2,1.2,13.0,5.0,0.507022303
470,1.0,0.0,-30.0,1.2,1.2,13.0,6.0,0.520759889
471,1.0,0.0,-30.0,1.2,1.2,13.0,7.0,0.533035743
472,1.0,0.0,-30.0,1.2,1.2,13.0,8.0,0.548774325
473,1.0,0.0,-30.0,1.2,1.2,13.0,9.0,0.561005536
474,1.0,0.0,-30.0,1.2,1.2,13.0,10.0,0.57422655
475,1.0,0.0,-30.0,1.2,1.2,13.0,11.0,0.585807612
476,1.0,0.0,-30.0,1.2,1.2,13.0,12.0,0.600106505
477,1.0,0.0,-30.0,1.2,1.2,13.0,13.0,0.611219117
478,1.0,0.0,-30.0,1.2,1.2,13.0,14.0,0.622760336
479,1.0,0.0,-30.0,1.2,1.2,13.0,15.0,0.632427232
480,1.0,0.0,-30.0,1.2,1.2,14.0,0.0,0.435151179
481,1.0,0.0,-30.0,1.2,1.2,14.0,1.0,0.446158551
482,1.0,0.0,-30.0,1.2,1.2,14.0,2.0,0.458300868
483,1.0,0.0,-30.0,1.2,1.2,14.0,3.0,0.470550879
484,1.0,0.0,-30.0,1.2,1.2,14.0,4.0,0.486169904
485,1.0,0.0,-30.0,1.2,1.2,14.0,5.0,0.498313797
486,1.0,0.0,-30.0,1.2,1.2,14.0,6.0,0.512765014
487,1.0,0.0,-30.0,1.2,1.2,14.0,7.0,0.527423782
488,1.0,0.0,-30.0,1.2,1.2,14.0,8.0,0.542841123
489,1.0,0.0,-30.0,1.2,1.2,14.0,9.0,0.555021451
490,1.0,0.0,-30.0,1.2,1.2,14.0,10.0,0.568149638
491,1.0,0.0,-30.0,1.2,1.2,14.0,11.0,0.579756502
492,1.0,0.0,-30.0,1.2,1.2,14.0,12.0,0.590813018
493,1.0,0.0,-30.0,1.2,1.2,14.0,13.0,0.601998759
494,1.0,0.0,-30.0,1.2,1.2,14.0,14.0,0.613813853
495,1.0,0.0,-30.0,1.2,1.2,14.0,15.0,0.627193144
496,1.0,0.0,-30.0,1.2,1.2,15.0,0.0,0.431486888
497,1.0,0.0,-30.0,1.2,1.2,15.0,1.0,0.443765329
498,1.0,0.0,-30.0,1.2,1.2,15.0,2.0,0.457308962
499,1.0,0.0,-30.0,1.2,1.2,15.0,3.0,0.469602717
500,1.0,0.0,-30.0,1.2,1.2,15.0,4.0,0.485081493
501,1.0,0.0,-30.0,1.2,1.2,15.0,5.0,0.497337103
502,1.0,0.0,-30.0,1.2,1.2,15.0,6.0,0.508823217
503,1.0,0.0,-30.0,1.2,1.2,15.0,7.0,0.520521509
504,1.0,0.0,-30.0,1.2,1.2,15.0,8.0,0.538343631
505,1.0,0.0,-30.0,1.2,1.2,15.0,9.0,0.550335399
506,1.0,0.0,-30.0,1.2,1.2,15.0,10.0,0.563495226
507,1.0,0.0,-30.0,1.2,1.2,15.0,11.0,0.575133419
508,1.0,0.0,-30.0,1.2,1.2,15.0,12.0,0.589721438
509,1.0,0.0,-30.0,1.2,1.2,15.0,13.0,0.600847493
510,1.0,0.0,-30.0,1.2,1.2,15.0,14.0,0.612710527
511,1.0,0.0,-30.0,1.2,1.2,15.0,15.0,0.622947095
512,1.0,0.0,-30.0,1.32,1.32,0.0,0.0,0.559944215
513,1.0,0.0,-30.0,1.32,1.32,0.0,1.0,0.576098667
514,1.0,0.0,-30.0,1.32,1.32,0.0,2.0,0.593632115
515,1.0,0.0,-30.0,1.32,1.32,0.0,3.0,0.606651521
516,1.0,0.0,-30.0,1.32,1.32,0.0,4.0,0.626063237
517,1.0,0.0,-30.0,1.32,1.32,0.0,5.0,0.64149944
518,1.0,0.0,-30.0,1.32,1.32,0.0,6.0,0.657906412
519,1.0,0.0,-30.0,1.32,1.32,0.0,7.0,0.672589267
520,1.0,0.0,-30.0,1.32,1.32,0.0,8.0,0.692901727
521,1.0,0.0,-30.0,1.32,1.32,0.0,9.0,0.707095851
522,1.0,0.0,-30.0,1.32,1.32,0.0,10.0,0.721549782
523,1.0,0.0,-30.0,1.32,1.32,0.0,11.0,0.733879146
524,1.0,0.0,-30.0,1.32,1.32,0.0,12.0,0.74690421
525,1.0,0.0,-30.0,1.32,1.32,0.0,13.0,0.754714237
526,1.0,0.0,-30.0,1.32,1.32,0.0,14.0,0.759216473
527,1.0,0.0,-30.0,1.32,1.32,0.0,15.0,0.761206451
528,1.0,0.0,-30.0,1.32,1.32,1.0,0.0,0.542213264
529,1.0,0.0,-30.0,1.32,1.32,1.0,1.0,0.557843812
530,1.0,0.0,-30.0,1.32,1.32,1.0,2.0,0.575051709
531,1.0,0.0,-30.0,1.32,1.32,1.0,3.0,0.590584179
532,1.0,0.0,-30.0,1.32,1.32,1.0,4.0,0.612212007
533,1.0,0.0,-30.0,1.32,1.32,1.0,5.0,0.62802123
534,1.0,0.0,-30.0,1.32,1.32,1.0,6.0,0.643246116
535,1.0,0.0,-30.0,1.32,1.32,1.0,7.0,0.65658705
536,1.0,0.0,-30.0,1.32,1.32,1.0,8.0,0.67692749
537,1.0,0.0,-30.0,1.32,1.32,1.0,9.0,0.691041377
538,1.0,0.0,-30.0,1.32,1.32,1.0,10.0,0.705671702
539,1.0,0.0,-30.0,1.32,1.32,1.0,11.0,0.718609572
540,1.0,0.0,-30.0,1.32,1.32,1.0,12.0,0.733468437
541,1.0,0.0,-30.0,1.32,1.32,1.0,13.0,0.744023463
542,1.0,0.0,-30.0,1.32,1.32,1.0,14.0,0.75320671
543,1.0,0.0,-30.0,1.32,1.32,1.0,15.0,0.758414959
544,1.0,0.0,-30.0,1.32,1.32,2.0,0.0,0.527471397
545,1.0,0.0,-30.0,1.32,1.32,2.0,1.0,0.542428239
546,1.0,0.0,-30.0,1.32,1.32,2.0,2.0,0.559044047
547,1.0,0.0,-30.0,1.32,1.32,2.0,3.0,0.574415926
548,1.0,0.0,-30.0,1.32,1.32,2.0,4.0,0.593235733
549,1.0,0.0,-30.0,1.32,1.32,2.0,5.0,0.60799728
550,1.0,0.0,-30.0,1.32,1.32,2.0,6.0,0.624244295
551,1.0,0.0,-30.0,1.32,1.32,2.0,7.0,0.640111141
552,1.0,0.0,-30.0,1.32,1.32,2.0,8.0,0.658763563
553,1.0,0.0,-30.0,1.32,1.32,2.0,9.0,0.670626927
554,1.0,0.0,-30.0,1.32,1.32,2.0,10.0,0.68654314
555,1.0,0.0,-30.0,1.32,1.32,2.0,11.0,0.701806799
556,1.0,0.0,-30.0,1.32,1.32,2.0,12.0,0.717510895
557,1.0,0.0,-30.0,1.32,1.32,2.0,13.0,0.72935478
558,1.0,0.0,-30.0,1.32,1.32,2.0,14.0,0.741165061
559,1.0,0.0,-30.0,1.32,1.32,2.0,15.0,0.750124122
560,1.0,0.0,-30.0,1.32,1.32,3.0,0.0,0.516589964
561,1.0,0.0,-30.0,1.32,1.32,3.0,1.0,0.533523208
562,1.0,0.0,-30.0,1.32,1.32,3.0,2.0,0.548014084
563,1.0,0.0,-30.0,1.32,1.32,3.0,3.0,0.562027115
564,1.0,0.0,-30.0,1.32,1.32,3.0,4.0,0.580458333
565,1.0,0.0,-30.0,1.32,1.32,3.0,5.0,0.59507587
566,1.0,0.0,-30.0,1.32,1.32,3.0,6.0,0.611231784
567,1.0,0.0,-30.0,1.32,1.32,3.0,7.0,0.625681393
568,1.0,0.0,-30.0,1.32,1.32,3.0,8.0,0.64467481
569,1.0,0.0,-30.0,1.32,1.32,3.0,9.0,0.660138684
570,1.0,0.0,-30.0,1.32,1.32,3.0,10.0,0.675186798
571,1.0,0.0,-30.0,1.32,1.32,3.0,11.0,0.688405548
572,1.0,0.0,-30.0,1.32,1.32,3.0,12.0,0.704266437
573,1.0,0.0,-30.0,1.32,1.32,3.0,13.0,0.716615736
574,1.0,0.0,-30.0,1.32,1.32,3.0,14.0,0.729312251
575,1.0,0.0,-30.0,1.32,1.32,3.0,15.0,0.739946855
576,1.0,0.0,-30.0,1.32,1.32,4.0,0.0,0.503960163
577,1.0,0.0,-30.0,1.32,1.32,4.0,1.0,0.518585317
578,1.0,0.0,-30.0,1.32,1.32,4.0,2.0,0.534436392
579,1.0,0.0,-30.0,1.32,1.32,4.0,3.0,0.548839622
580,1.0,0.0,-30.0,1.32,1.32,4.0,4.0,0.567035579
581,1.0,0.0,-30.0,1.32,1.32,4.0,5.0,0.58148045
582,1.0,0.0,-30.0,1.32,1.32,4.0,6.0,0.59426243
583,1.0,0.0,-30.0,1.32,1.32,4.0,7.0,0.608406655
584,1.0,0.0,-30.0,1.32,1.32,4.0,8.0,0.62579517
585,1.0,0.0,-30.0,1.32,1.32,4.0,9.0,0.639469331
586,1.0,0.0,-30.0,1.32,1.32,4.0,10.0,0.655902779
587,1.0,0.0,-30.0,1.32,1.32,4.0,11.0,0.670611115
588,1.0,0.0,-30.0,1.32,1.32,4.0,12.0,0.686709964
589,1.0,0.0,-30.0,1.32,1.32,4.0,13.0,0.697010695
590,1.0,0.0,-30.0,1.32,1.32,4.0,14.0,0.709620016
591,1.0,0.0,-30.0,1.32,1.32,4.0,15.0,0.721537405
592,1.0,0.0,-30.0,1.32,1.32,5.0,0.0,0.492700716
593,1.0,0.0,-30.0,1.32,1.32,5.0,1.0,0.507434888
594,1.0,0.0,-30.0,1.32,1.32,5.0,2.0,0.524962433
595,1.0,0.0,-30.0,1.32,1.32,5.0,3.0,0.539137683
596,1.0,0.0,-30.0,1.32,1.32,5.0,4.0,0.557034546
597,1.0,0.0,-30.0,1.32,1.32,5.0,5.0,0.571319255
598,1.0,0.0,-30.0,1.32,1.32,5.0,6.0,0.586593639
599,1.0,0.0,-30.0,1.32,1.32,5.0,7.0,0.60067457
600,1.0,0.0,-30.0,1.32,1.32,5.0,8.0,0.616060939
601,1.0,0.0,-30.0,1.32,1.32,5.0,9.0,0.628694028
602,1.0,0.0,-30.0,1.32,1.32,5.0,10.0,0.64352165
603,1.0,0.0,-30.0,1.32,1.32,5.0,11.0,0.656806342
604,1.0,0.0,-30.0,1.32,1.32,5.0,12.0,0.672745572
605,1.0,0.0,-30.0,1.32,1.32,5.0,13.0,0.685451435
606,1.0,0.0,-30.0,1.32,1.32,5.0,14.0,0.699249487
607,1.0,0.0,-30.0,1.32,1.32,5.0,15.0,0.713076896
608,1.0,0.0,-30.0,1.32,1.32,6.0,0.0,0.483084683
609,1.0,0.0,-30.0,1.32,1.32,6.0,1.0,0.496974186
610,1.0,0.0,-30.0,1.32,1.32,6.0,2.0,0.512212664
611,1.0,0.0,-30.0,1.32,1.32,6.0,3.0,0.526127854
612,1.0,0.0,-30.0,1.32,1.32,6.0,4.0,0.543390917
613,1.0,0.0,-30.0,1.32,1.32,6.0,5.0,0.559172837
614,1.0,0.0,-30.0,1.32,1.32,6.0,6.0,0.572719858
615,1.0,0.0,-30.0,1.32,1.32,6.0,7.0,0.588178758
616,1.0,0.0,-30.0,1.32,1.32,6.0,8.0,0.603286611
617,1.0,0.0,-30.0,1.32,1.32,6.0,9.0,0.616856408
618,1.0,0.0,-30.0,1.32,1.32,6.0,10.0,0.63160382
619,1.0,0.0,-30.0,1.32,1.32,6.0,11.0,0.645407005
620,1.0,0.0,-30.0,1.32,1.32,6.0,12.0,0.66388601
621,1.0,0.0,-30.0,1.32,1.32,6.0,13.0,0.676503434
622,1.0,0.0,-30.0,1.32,1.32,6.0,14.0,0.690021374
623,1.0,0.0,-30.0,1.32,1.32,6.0,15.0,0.701953057
624,1.0,0.0,-30.0,1.32,1.32,7.0,0.0,0.478009479
625,1.0,0.0,-30.0,1.32,1.32,7.0,1.0,0.491869793
626,1.0,0.0,-30.0,1.32,1.32,7.0,2.0,0.507008073
627,1.0,0.0,-30.0,1.32,1.32,7.0,3.0,0.520808847
628,1.0,0.0,-30.0,1.32,1.32,7.0,4.0,0.538088034
629,1.0,0.0,-30.0,1.32,1.32,7.0,5.0,0.551886312
630,1.0,0.0,-30.0,1.32,1.32,7.0,6.0,0.566887117
631,1.0,0.0,-30.0,1.32,1.32,7.0,7.0,0.580400196
632,1.0,0.0,-30.0,1.32,1.32,7.0,8.0,0.597375181
633,1.0,0.0,-30.0,1.32,1.32,7.0,9.0,0.610956291
634,1.0,0.0,-30.0,1.32,1.32,7.0,10.0,0.625568238
635,1.0,0.0,-30.0,1.32,1.32,7.0,11.0,0.638663207
636,1.0,0.0,-30.0,1.32,1.32,7.0,12.0,0.654687542
637,1.0,0.0,-30.0,1.32,1.32,7.0,13.0,0.667338643
638,1.0,0.0,-30.0,1.32,1.32,7.0,14.0,0.680771841
639,1.0,0.0,-30.0,1.32,1.32,7.0,15.0,0.692713252
640,1.0,0.0,-30.0,1.32,1.32,8.0,0.0,0.468426662
641,1.0,0.0,-30.0,1.32,1.32,8.0,1.0,0.481924962
642,1.0,0.0,-30.0,1.32,1.32,8.0,2.0,0.496799113
643,1.0,0.0,-30.0,1.32,1.32,8.0,3.0,0.510322189
644,1.0,0.0,-30.0,1.32,1.32,8.0,4.0,0.527222553
645,1.0,0.0,-30.0,1.32,1.32,8.0,5.0,0.538941001
646,1.0,0.0,-30.0,1.32,1.32,8.0,6.0,0.55275919
647,1.0,0.0,-30.0,1.32,1.32,8.0,7.0,0.566196335
648,1.0,0.0,-30.0,1.32,1.32,8.0,8.0,0.583018695
649,1.0,0.0,-30.0,1.32,1.32,8.0,9.0,0.598917738
650,1.0,0.0,-30.0,1.32,1.32,8.0,10.0,0.613315001
651,1.0,0.0,-30.0,1.32,1.32,8.0,11.0,0.626271727
652,1.0,0.0,-30.0,1.32,1.32,8.0,12.0,0.642240257
653,1.0,0.0,-30.0,1.32,1.32,8.0,13.0,0.65308866
654,1.0,0.0,-30.0,1.32,1.32,8.0,14.0,0.66833453
655,1.0,0.0,-30.0,1.32,1.32,8.0,15.0,0.680482366
656,1.0,0.0,-30.0,1.32,1.32,9.0,0.0,0.462596039
657,1.0,0.0,-30.0,1.32,1.32,9.0,1.0,0.475951654
658,1.0,0.0,-30.0,1.32,1.32,9.0,2.0,0.490505639
659,1.0,0.0,-30.0,1.32,1.32,9.0,3.0,0.503818035
660,1.0,0.0,-30.0,1.32,1.32,9.0,4.0,0.520567433
661,1.0,0.0,-30.0,1.32,1.32,9.0,5.0,0.534012341
662,1.0,0.0,-30.0,1.32,1.32,9.0,6.0,0.548456371
663,1.0,0.0,-30.0,1.32,1.32,9.0,7.0,0.56164585
664,1.0,0.0,-30.0,1.32,1.32,9.0,8.0,0.577963776
665,1.0,0.0,-30.0,1.32,1.32,9.0,9.0,0.591171012
666,1.0,0.0,-30.0,1.32,1.32,9.0,10.0,0.605500645
667,1.0,0.0,-30.0,1.32,1.32,9.0,11.0,0.618402005
668,1.0,0.0,-30.0,1.32,1.32,9.0,12.0,0.634184833
669,1.0,0.0,-30.0,1.32,1.32,9.0,13.0,0.646557615
670,1.0,0.0,-30.0,1.32,1.32,9.0,14.0,0.657205462
671,1.0,0.0,-30.0,1.32,1.32,9.0,15.0,0.669304925
672,1.0,0.0,-30.0,1.32,1.32,10.0,0.0,0.453513282
673,1.0,0.0,-30.0,1.32,1.32,10.0,1.0,0.466700288
674,1.0,0.0,-30.0,1.32,1.32,10.0,2.0,0.481208202
675,1.0,0.0,-30.0,1.32,1.32,10.0,3.0,0.494338623
676,1.0,0.0,-30.0,1.32,1.32,10.0,4.0,0.510611168
677,1.0,0.0,-30.0,1.32,1.32,10.0,5.0,0.524400022
678,1.0,0.0,-30.0,1.32,1.32,10.0,6.0,0.540685515
679,1.0,0.0,-30.0,1.32,1.32,10.0,7.0,0.553799059
680,1.0,0.0,-30.0,1.32,1.32,10.0,8.0,0.569895028
681,1.0,0.0,-30.0,1.32,1.32,10.0,9.0,0.582919666
682,1.0,0.0,-30.0,1.32,1.32,10.0,10.0,0.597232835
683,1.0,0.0,-30.0,1.32,1.32,10.0,11.0,0.610058406
684,1.0,0.0,-30.0,1.32,1.32,10.0,12.0,0.625739778
685,1.0,0.0,-30.0,1.32,1.32,10.0,13.0,0.638279933
686,1.0,0.0,-30.0,1.32,1.32,10.0,14.0,0.651635209
687,1.0,0.0,-30.0,1.32,1.32,10.0,15.0,0.663608387
688,1.0,0.0,-30.0,1.32,1.32,11.0,0.0,0.449425932
689,1.0,0.0,-30.0,1.32,1.32,11.0,1.0,0.463926098
690,1.0,0.0,-30.0,1.32,1.32,11.0,2.0,0.47814692
691,1.0,0.0,-30.0,1.32,1.32,11.0,3.0,0.491034108
692,1.0,0.0,-30.0,1.32,1.32,11.0,4.0,0.505678374
693,1.0,0.0,-30.0,1.32,1.32,11.0,5.0,0.517784424
694,1.0,0.0,-30.0,1.32,1.32,11.0,6.0,0.53195834
695,1.0,0.0,-30.0,1.32,1.32,11.0,7.0,0.54750376
696,1.0,0.0,-30.0,1.32,1.32,11.0,8.0,0.563436005
697,1.0,0.0,-30.0,1.32,1.32,11.0,9.0,0.576306468
698,1.0,0.0,-30.0,1.32,1.32,11.0,10.0,0.590410938
699,1.0,0.0,-30.0,1.32,1.32,11.0,11.0,0.603091412
700,1.0,0.0,-30.0,1.32,1.32,11.0,12.0,0.618861136
701,1.0,0.0,-30.0,1.32,1.32,11.0,13.0,0.631259394
702,1.0,0.0,-30.0,1.32,1.32,11.0,14.0,0.644692868
703,1.0,0.0,-30.0,1.32,1.32,11.0,15.0,0.656772187
704,1.0,0.0,-30.0,1.32,1.32,12.0,0.0,0.444064745
705,1.0,0.0,-30.0,1.32,1.32,12.0,1.0,0.454931918
706,1.0,0.0,-30.0,1.32,1.32,12.0,2.0,0.468586817
707,1.0,0.0,-30.0,1.32,1.32,12.0,3.0,0.481401667
708,1.0,0.0,-30.0,1.32,1.32,12.0,4.0,0.497329937
709,1.0,0.0,-30.0,1.32,1.32,12.0,5.0,0.511061692
710,1.0,0.0,-30.0,1.32,1.32,12.0,6.0,0.526626729
711,1.0,0.0,-30.0,1.32,1.32,12.0,7.0,0.539315226
712,1.0,0.0,-30.0,1.32,1.32,12.0,8.0,0.555106163
713,1.0,0.0,-30.0,1.32,1.32,12.0,9.0,0.567928335
714,1.0,0.0,-30.0,1.32,1.32,12.0,10.0,0.581513804
715,1.0,0.0,-30.0,1.32,1.32,12.0,11.0,0.591570166
716,1.0,0.0,-30.0,1.32,1.32,12.0,12.0,0.606781513
717,1.0,0.0,-30.0,1.32,1.32,12.0,13.0,0.619109445
718,1.0,0.0,-30.0,1.32,1.32,12.0,14.0,0.632525227
719,1.0,0.0,-30.0,1.32,1.32,12.0,15.0,0.6445849
720,1.0,0.0,-30.0,1.32,1.32,13.0,0.0,0.437575681
721,1.0,0.0,-30.0,1.32,1.32,13.0,1.0,0.450146961
722,1.0,0.0,-30.0,1.32,1.32,13.0,2.0,0.464044722
723,1.0,0.0,-30.0,1.32,1.32,13.0,3.0,0.476706458
724,1.0,0.0,-30.0,1.32,1.32,13.0,4.0,0.492425378
725,1.0,0.0,-30.0,1.32,1.32,13.0,5.0,0.505091105
726,1.0,0.0,-30.0,1.32,1.32,13.0,6.0,0.518842165
727,1.0,0.0,-30.0,1.32,1.32,13.0,7.0,0.531521722
728,1.0,0.0,-30.0,1.32,1.32,13.0,8.0,0.54701293
729,1.0,0.0,-30.0,1.32,1.32,13.0,9.0,0.559711799
730,1.0,0.0,-30.0,1.32,1.32,13.0,10.0,0.576194904
731,1.0,0.0,-30.0,1.32,1.32,13.0,11.0,0.588693746
732,1.0,0.0,-30.0,1.32,1.32,13.0,12.0,0.604127215
733,1.0,0.0,-30.0,1.32,1.32,13.0,13.0,0.616409474
734,1.0,0.0,-30.0,1.32,1.32,13.0,14.0,0.629823852
735,1.0,0.0,-30.0,1.32,1.32,13.0,15.0,0.641685935
736,1.0,0.0,-30.0,1.32,1.32,14.0,0.0,0.43503951
737,1.0,0.0,-30.0,1.32,1.32,14.0,1.0,0.447561999
738,1.0,0.0,-30.0,1.32,1.32,14.0,2.0,0.461402937
739,1.0,0.0,-30.0,1.32,1.32,14.0,3.0,0.472886689
740,1.0,0.0,-30.0,1.32,1.32,14.0,4.0,0.487093242
741,1.0,0.0,-30.0,1.32,1.32,14.0,5.0,0.499663067
742,1.0,0.0,-30.0,1.32,1.32,14.0,6.0,0.513175756
743,1.0,0.0,-30.0,1.32,1.32,14.0,7.0,0.525775226
744,1.0,0.0,-30.0,1.32,1.32,14.0,8.0,0.541206717
745,1.0,0.0,-30.0,1.32,1.32,14.0,9.0,0.555801704
746,1.0,0.0,-30.0,1.32,1.32,14.0,10.0,0.570044929
747,1.0,0.0,-30.0,1.32,1.32,14.0,11.0,0.582345524
748,1.0,0.0,-30.0,1.32,1.32,14.0,12.0,0.597554927
749,1.0,0.0,-30.0,1.32,1.32,14.0,13.0,0.609184453
750,1.0,0.0,-30.0,1.32,1.32,14.0,14.0,0.621362812
751,1.0,0.0,-30.0,1.32,1.32,14.0,15.0,0.63487885
752,1.0,0.0,-30.0,1.32,1.32,15.0,0.0,0.431141708
753,1.0,0.0,-30.0,1.32,1.32,15.0,1.0,0.443557843
754,1.0,0.0,-30.0,1.32,1.32,15.0,2.0,0.457133658
755,1.0,0.0,-30.0,1.32,1.32,15.0,3.0,0.469588666
756,1.0,0.0,-30.0,1.32,1.32,15.0,4.0,0.485183876
757,1.0,0.0,-30.0,1.32,1.32,15.0,5.0,0.497732492
758,1.0,0.0,-30.0,1.32,1.32,15.0,6.0,0.511267921
759,1.0,0.0,-30.0,1.32,1.32,15.0,7.0,0.5234346
760,1.0,0.0,-30.0,1.32,1.32,15.0,8.0,0.538916191
761,1.0,0.0,-30.0,1.32,1.32,15.0,9.0,0.55126905
762,1.0,0.0,-30.0,1.32,1.32,15.0,10.0,0.564852815
763,1.0,0.0,-30.0,1.32,1.32,15.0,11.0,0.577307448
764,1.0,0.0,-30.0,1.32,1.32,15.0,12.0,0.592360436
765,1.0,0.0,-30.0,1.32,1.32,15.0,13.0,0.604409554
766,1.0,0.0,-30.0,1.32,1.32,15.0,14.0,0.617786179
767,1.0,0.0,-30.0,1.32,1.32,15.0,15.0,0.62979
