495.048787601132,0,0,777.014157943893,0,0,921.884438758241,0,0,703.956539869609,0,0,757.078272742411,0,0,740.309859783193,0,0,635.005831286879,0,0,944.804530813271,0,0,893.648369234632,0,0,715.351682808162,0,0,794.417762639794,0,0,672.212550122465,0,0,645.224540967367,0,0,901.611863260424,0,0,579.527147750128,0,0,676.874011561743,0,0
543.836035642515,0,1,877.975787094417,0,1,974.578823468182,0,1,830.826758399059,0,1,753.483802402151,0,1,825.07061796207,0,1,702.688134001547,0,1,992.057367551842,0,1,963.300503072806,0,1,847.854166591741,0,1,904.512667527807,0,1,773.435063526941,0,1,754.060123487318,0,1,879.168574809942,0,1,590.401024698039,0,1,663.603998673793,0,1
682.382227903454,0,2,957.685441172783,0,2,1002.96519226151,0,2,938.536984747412,0,2,780.87635839819,0,2,929.389171120667,0,2,838.878672002635,0,2,1017.61097450406,0,2,1002.09776863674,0,2,954.245618793526,0,2,979.685768066628,0,2,895.431960911496,0,2,879.842249162423,0,2,867.360047024185,0,2,670.114047786913,0,2,708.496924700015,0,2
803.828734057762,0,3,988.572883646674,0,3,1013.74253783272,0,3,983.819924960926,0,3,837.605415350456,0,3,978.679112792692,0,3,929.614684954863,0,3,1027.73714470547,0,3,1016.63635459023,0,3,998.292407211189,0,3,1008.05819756678,0,3,961.279176961305,0,3,949.884694370389,0,3,855.846302272113,0,3,775.204715876959,0,3,795.72434224903,0,3
928.501036988696,0,4,1008.277506938,0,4,1020.35227134575,0,4,1013.0595907366,0,4,940.791924279806,0,4,1011.31011843529,0,4,999.26338978968,0,4,1034.55823685034,0,4,1026.81548220583,0,4,1026.10200170598,0,4,1026.65325485197,0,4,1006.62657946309,0,4,997.248977740263,0,4,921.521163306192,0,4,921.706309934689,0,4,927.204784002531,0,4
966.097839729591,0,5,1013.44068992574,0,5,1022.30338851922,0,5,1021.67107512944,0,5,982.061812148578,0,5,1019.81477138331,0,5,1018.27432901762,0,5,1037.05620648219,0,5,1030.04600180648,0,5,1033.86766072404,0,5,1032.37314777387,0,5,1019.84225673598,0,5,1011.55351140567,0,5,970.265300483902,0,5,976.928863327101,0,5,974.753792441173,0,5
987.446601223145,0,6,1017.24264216792,0,6,1023.17537407182,0,6,1027.04867938441,0,6,1006.1314805513,0,6,1025.56665978178,0,6,1028.62770989459,0,6,1038.43469526367,0,6,1031.91097487092,0,6,1038.33458180445,0,6,1036.36975315524,0,6,1028.32856517946,0,6,1021.08430725219,0,6,1005.59235300024,0,6,1009.55312295812,0,6,1003.62612860624,0,6
996.662046996705,0,7,1019.48032762175,0,7,1023.11564331468,0,7,1029.78589164824,0,7,1016.14673891897,0,7,1028.76369738761,0,7,1032.69346816648,0,7,1038.93415668011,0,7,1033.09363462864,0,7,1040.31579429282,0,7,1037.78152263105,0,7,1032.84847774438,0,7,1024.77719628563,0,7,1020.36319888311,0,7,1022.92726515895,0,7,1014.96503523505,0,7
1003.31358847833,0,8,1020.95492773872,0,8,1024.05522646088,0,8,1031.8546936378,0,8,1025.27950465857,0,8,1031.36727193732,0,8,1037.48190215232,0,8,1039.03975072883,0,8,1034.03496495895,0,8,1042.28062957754,0,8,1039.20067470346,0,8,1035.95515443363,0,8,1028.52448843925,0,8,1031.89808803234,0,8,1033.37320446951,0,8,1023.77724448338,0,8
1004.61930318601,0,9,1021.77402145027,0,9,1024.91835074239,0,9,1032.42794298942,0,9,1028.7452369197,0,9,1032.13768208816,0,9,1038.66230019847,0,9,1038.4089147898,0,9,1034.41548084809,0,9,1042.73850046685,0,9,1040.10757746209,0,9,1037.23382376939,0,9,1029.58269338089,0,9,1035.24631338805,0,9,1036.44249333737,0,9,1026.44615432876,0,9
1006.35381372394,0,10,1021.87940925654,0,10,1025.26292648023,0,10,1032.60231866973,0,10,1030.32126552692,0,10,1032.44252668889,0,10,1040.5463268847,0,10,1038.94372634352,0,10,1034.24685252554,0,10,1043.30367977483,0,10,1040.21066506445,0,10,1037.92463364919,0,10,1030.97901158891,0,10,1037.41653463386,0,10,1038.77118347422,0,10,1028.07349002659,0,10
1007.74533680773,0,11,1022.35857163642,0,11,1025.70142670262,0,11,1032.94541131742,0,11,1029.33265283482,0,11,1032.39609817143,0,11,1040.98153045485,0,11,1039.67862175185,0,11,1034.55005443703,0,11,1043.63927466382,0,11,1039.85918526221,0,11,1037.83839039021,0,11,1031.97846611226,0,11,1038.34846649378,0,11,1040.05564134204,0,11,1028.77091061764,0,11
1008.21215941225,0,12,1022.72566923958,0,12,1025.30007348748,0,12,1032.92071692173,0,12,1030.10855198091,0,12,1032.5362683115,0,12,1041.89829622887,0,12,1039.84580983595,0,12,1034.30862431674,0,12,1043.95316141465,0,12,1040.15842511638,0,12,1038.90684427992,0,12,1032.4378706445,0,12,1039.29496408836,0,12,1040.6673709482,0,12,1030.12131579075,0,12
1008.4726436267,0,13,1022.72892583565,0,13,1025.18878643303,0,13,1032.81645114317,0,13,1030.07458460669,0,13,1032.18334200044,0,13,1042.49516329843,0,13,1039.49564668799,0,13,1034.57987384662,0,13,1044.90559939123,0,13,1040.05915523703,0,13,1039.29421449958,0,13,1032.3700851552,0,13,1039.71507653836,0,13,1040.73835821623,0,13,1030.40625562013,0,13
1008.57409288705,0,14,1022.96351009766,0,14,1024.98689671353,0,14,1032.29392771227,0,14,1030.05123289626,0,14,1032.38292564597,0,14,1042.54615874451,0,14,1039.78476124906,0,14,1034.27930437995,0,14,1045.58117975853,0,14,1040.03709760123,0,14,1039.93654277987,0,14,1032.29013116867,0,14,1040.24121496465,0,14,1041.43486274738,0,14,1031.17160611225,0,14
1008.89876160146,0,15,1023.05006843734,0,15,1025.41607459324,0,15,1032.76371641338,0,15,1029.97278752326,0,15,1032.99887423254,0,15,1042.71461631908,0,15,1039.96973532746,0,15,1034.83005928447,0,15,1044.95239614408,0,15,1040.52759404184,0,15,1039.55121576948,0,15,1032.7367337918,0,15,1039.8321451519,0,15,1041.65352789879,0,15,1031.13305513199,0,15
417.818981239135,1,0,650.253742753015,1,0,829.885699820391,1,0,551.023922011228,1,0,704.937640766685,1,0,646.222090435481,1,0,556.539421260151,1,0,851.820459807757,1,0,791.629124492824,1,0,554.077353662462,1,0,672.711151242476,1,0,570.746239383305,1,0,545.834174901897,1,0,851.342632459738,1,0,522.719742616678,1,0,609.149690477262,1,0
438.621068668751,1,1,768.618932986594,1,1,922.646545480516,1,1,697.626292027714,1,1,688.125617492339,1,1,713.132376727907,1,1,586.361257663101,1,1,941.699910547341,1,1,899.696000955473,1,1,705.45375246558,1,1,806.197552133474,1,1,648.974747248572,1,1,631.311001196953,1,1,825.57792716525,1,1,513.775506636695,1,1,596.149691057698,1,1
542.442277069503,1,2,893.926565280582,1,2,980.860558836696,1,2,852.124811549489,1,2,704.582680677125,1,2,841.132715147583,1,2,713.099972850154,1,2,995.490675377804,1,2,974.258804377094,1,2,864.468299591219,1,2,926.228212851329,1,2,789.598686557062,1,2,776.343140455282,1,2,808.69213118784,1,2,559.252775560342,1,2,621.131563376959,1,2
671.13885166598,1,3,954.813292733322,1,3,1001.8749587708,1,3,936.542053039973,1,3,740.218714068571,1,3,925.321493089643,1,3,831.824668164607,1,3,1015.49549361062,1,3,1002.87049889174,1,3,950.438745902311,1,3,981.635469497079,1,3,891.46136306859,1,3,880.252598293063,1,3,794.475688437679,1,3,648.490262157316,1,3,676.489250227282,1,3
848.343847645909,1,4,996.146986953417,1,4,1015.66988110152,1,4,995.991215558629,1,4,861.09885581446,1,4,991.032893428834,1,4,957.171618322902,1,4,1028.70720515898,1,4,1021.28335368877,1,4,1008.47606033405,1,4,1017.36623313087,1,4,980.122302738787,1,4,970.367780464232,1,4,845.735369277361,1,4,826.113366199581,1,4,836.939243738036,1,4
922.59189314281,1,5,1008.54065667263,1,5,1019.76819248816,1,5,1012.27044143707,1,5,931.120452525299,1,5,1008.79262973534,1,5,996.623828262089,1,5,1031.99241258288,1,5,1026.9963453799,1,5,1024.35696578085,1,5,1026.79027598577,1,5,1006.38589495404,1,5,997.923234047079,1,5,904.169393297911,1,5,916.280688787117,1,5,917.622943893329,1,5
967.353558689022,1,6,1015.74141674867,1,6,1022.70716604237,1,6,1022.27021820585,1,6,980.727141379548,1,6,1020.62941379287,1,6,1019.33963970397,1,6,1034.27504168988,1,6,1031.18204237459,1,6,1033.85022932109,1,6,1032.88757670475,1,6,1021.73540829983,1,6,1013.84369702763,1,6,972.546689874157,1,6,981.536618906246,1,6,976.831770003456,1,6
984.845411817929,1,7,1018.61848038838,1,7,1023.67487457512,1,7,1025.92781187568,1,7,1001.5869197763,1,7,1025.71123753791,1,7,1028.05641452683,1,7,1035.58092824147,1,7,1033.19900813577,1,7,1038.07095696205,1,7,1035.89984559543,1,7,1028.61149452655,1,7,1021.31082275894,1,7,1003.13693836111,1,7,1008.96717564516,1,7,1000.21161342894,1,7
998.734299856504,1,8,1021.05447935035,1,8,1024.33087103694,1,8,1029.99299864806,1,8,1017.2429619096,1,8,1029.24363240667,1,8,1035.59484103605,1,8,1036.75753212474,1,8,1034.35369403188,1,8,1041.56944690113,1,8,1038.35375801494,1,8,1034.16829069483,1,8,1027.20510275515,1,8,1026.27391516589,1,8,1028.77206715243,1,8,1017.09426742649,1,8
1002.84627874266,1,9,1022.07071677921,1,9,1023.79301145193,1,9,1031.00218044161,1,9,1021.73293069267,1,9,1030.43455052762,1,9,1037.38470329656,1,9,1037.75244735273,1,9,1034.84741272063,1,9,1042.22008232262,1,9,1038.67338661898,1,9,1036.57054573719,1,9,1028.598118821,1,9,1031.76890767341,1,9,1033.22486325656,1,9,1021.85708163614,1,9
1005.76088658961,1,10,1022.44903678154,1,10,1023.38629040687,1,10,1032.09738845405,1,10,1025.13769905836,1,10,1030.95317264991,1,10,1038.9665511176,1,10,1037.99129009958,1,10,1034.87939252362,1,10,1042.99322958322,1,10,1039.31923835934,1,10,1037.45181780108,1,10,1029.21559670374,1,10,1035.15700112067,1,10,1036.65109849458,1,10,1025.20409345124,1,10
1006.98796126246,1,11,1022.70369453433,1,11,1024.16437783621,1,11,1032.52057399302,1,11,1026.41894934953,1,11,1031.48378359623,1,11,1039.44858720651,1,11,1037.9866468072,1,11,1035.54269902859,1,11,1043.11583193667,1,11,1040.42526161544,1,11,1037.24023641316,1,11,1030.16712708109,1,11,1036.82559616444,1,11,1038.28334071931,1,11,1026.99983362071,1,11
1007.91562925514,1,12,1023.25224228642,1,12,1024.36407737842,1,12,1031.87167597268,1,12,1027.50852266832,1,12,1032.03591793912,1,12,1040.25638225051,1,12,1037.82433577802,1,12,1036.06350699957,1,12,1042.97251245,1,12,1040.33431761576,1,12,1037.94813257382,1,12,1031.04894596966,1,12,1038.77724049817,1,12,1040.33563354445,1,12,1028.55633743679,1,12
1008.31209093876,1,13,1023.64176008255,1,13,1024.59763285681,1,13,1031.68977042948,1,13,1028.25426393075,1,13,1032.54501465455,1,13,1040.53018391285,1,13,1037.74996832016,1,13,1036.29914090229,1,13,1043.03783222885,1,13,1040.43770999902,1,13,1038.51650326193,1,13,1031.04332696133,1,13,1039.79874600664,1,13,1041.06873881165,1,13,1029.2687874294,1,13
1008.55504921133,1,14,1023.75403531808,1,14,1023.9100666888,1,14,1031.74670286962,1,14,1029.40147735058,1,14,1032.9161984877,1,14,1041.1123297163,1,14,1037.72224537391,1,14,1036.16513040665,1,14,1043.47780866369,1,14,1040.47077401258,1,14,1038.99801585116,1,14,1030.84486294013,1,14,1040.21505337353,1,14,1041.94570860008,1,14,1029.30320663852,1,14
1009.23451342779,1,15,1023.55712836875,1,15,1024.16714493057,1,15,1031.68839799047,1,15,1029.92281727897,1,15,1033.22689520718,1,15,1041.64355546921,1,15,1038.27861345204,1,15,1036.28169555212,1,15,1043.40546640882,1,15,1040.24852124729,1,15,1039.28481207202,1,15,1030.85841853245,1,15,1039.90951338768,1,15,1041.62419891509,1,15,1029.181506968,1,15
330.141693390338,2,0,503.550313854068,2,0,658.205537676202,2,0,372.488089479919,2,0,641.824903418798,2,0,549.673022488662,2,0,469.59580970012,2,0,675.991702608949,2,0,619.063169724828,2,0,377.442492532383,2,0,508.421464269108,2,0,466.652524410433,2,0,438.246770965151,2,0,789.190547973301,2,0,434.651035341387,2,0,547.833677955898,2,0
331.304352488275,2,1,600.173328627946,2,1,788.086793769952,2,1,504.935880023892,2,1,620.453675748249,2,1,580.104974809551,2,1,473.794518776977,2,1,813.941540183819,2,1,759.286781411741,2,1,501.474899020685,2,1,635.158557538693,2,1,502.164749650895,2,1,481.761125297567,2,1,767.554940051411,2,1,419.905972168215,2,1,527.863981571038,2,1
386.108386270392,2,2,753.418987347056,2,2,911.217781629104,2,2,688.309201836241,2,2,624.572014236371,2,2,689.468307606602,2,2,544.142284403798,2,2,931.860401458172,2,2,895.089275870968,2,2,685.396806328005,2,2,796.559329949093,2,2,621.090882388416,2,2,610.646789625141,2,2,755.354353227032,2,2,441.641356078877,2,2,535.898375720277,2,2
485.124134529923,2,3,860.515356599023,2,3,967.245774818728,2,3,816.4418039176,2,3,632.830609185372,2,3,804.630639626519,2,3,657.359403006049,2,3,983.246072119701,2,3,962.139384885304,2,3,822.074621354009,2,3,902.585743713329,2,3,744.33377431087,2,3,737.660067362628,2,3,733.023002169536,2,3,492.999132040976,2,3,554.439705791501,2,3
692.671982349327,2,4,958.884520688804,2,4,1002.1133697756,2,4,943.190269154038,2,4,733.093664297936,2,4,937.426828922477,2,4,842.477072802578,2,4,1015.89158993206,2,4,1005.96595744487,2,4,954.743161063921,2,4,987.13894451928,2,4,900.726473435744,2,4,891.337135555894,2,4,758.253854455479,2,4,660.570541909644,2,4,685.269307880673,2,4
808.409594165577,2,5,988.381763752507,2,5,1012.17889234882,2,5,984.865562417802,2,5,817.95622877488,2,5,980.520979166103,2,5,931.652172784677,2,5,1024.53071079248,2,5,1018.19405123271,2,5,996.404244399528,2,5,1011.60797345579,2,5,962.342543426291,2,5,955.317545154056,2,5,784.787604123631,2,5,779.795791867518,2,5,793.865953893997,2,5
908.306720358684,2,6,1005.23235055338,2,6,1017.89471736975,2,6,1008.10868460024,2,6,915.010962106579,2,6,1006.59800565163,2,6,990.295148875911,2,6,1030.73744101512,2,6,1026.06263106564,2,6,1019.65356333651,2,6,1025.64253924294,2,6,1001.01704123175,2,6,993.530763956613,2,6,875.700393180152,2,6,896.51713856076,2,6,904.938950040375,2,6
954.047376690074,2,7,1012.42877702122,2,7,1020.7482884878,2,7,1017.46343962176,2,7,964.957013986931,2,7,1018.18784978532,2,7,1012.99654283864,2,7,1033.34762712536,2,7,1029.94206483483,2,7,1029.2595901147,2,7,1031.10627173132,2,7,1016.65880651198,2,7,1009.48655316477,2,7,946.098457093519,2,7,960.090758207445,2,7,959.258123462795,2,7
986.997870185193,2,8,1018.78612851456,2,8,1022.61283962397,2,8,1026.96862444334,2,8,1004.76937164395,2,8,1026.66979242779,2,8,1029.49562765901,2,8,1035.85587852545,2,8,1032.89472431298,2,8,1037.4149667702,2,8,1036.08699800078,2,8,1029.28252341074,2,8,1022.18822530367,2,8,1007.24509342608,2,8,1011.61371267238,2,8,1001.21015266575,2,8
996.49437931477,2,9,1020.72961889625,2,9,1023.1705502886,2,9,1029.38306210756,2,9,1014.28988045128,2,9,1029.09815968019,2,9,1034.21419682173,2,9,1036.45065725528,2,9,1033.69889861168,2,9,1039.99377307261,2,9,1036.55894434867,2,9,1032.99759523758,2,9,1025.75643659427,2,9,1020.41593360967,2,9,1022.9443723174,2,9,1012.55163589833,2,9
1002.2189418714,2,10,1022.05318059418,2,10,1023.68136988583,2,10,1030.03251305425,2,10,1020.29882809492,2,10,1030.60245455268,2,10,1037.16821840705,2,10,1037.25473057685,2,10,1034.76092363146,2,10,1041.41640215945,2,10,1037.71876416973,2,10,1035.04047892524,2,10,1027.88596442963,2,10,1029.58246134965,2,10,1030.78901841841,2,10,1020.08736466815,2,10
1005.01245913811,2,11,1023.03141358736,2,11,1023.97842091911,2,11,1030.44004904261,2,11,1022.95251004601,2,11,1031.03677455777,2,11,1039.10701093783,2,11,1037.50816277476,2,11,1035.90809184373,2,11,1042.61958353585,2,11,1038.711606276,2,11,1036.73428116875,2,11,1028.50882605567,2,11,1033.29633778013,2,11,1034.35227172928,2,11,1023.65178899221,2,11
1007.24871313372,2,12,1023.23368462836,2,12,1024.02655327281,2,12,1031.29618259117,2,12,1026.18587438732,2,12,1032.39237313346,2,12,1040.21427821334,2,12,1037.64419169023,2,12,1035.84347890048,2,12,1043.13938113758,2,12,1039.61744917059,2,12,1037.84830612326,2,12,1029.6016131952,2,12,1036.84332289534,2,12,1037.57102125836,2,12,1026.43856853287,2,12
1008.3726287531,2,13,1023.31425191823,2,13,1023.42500920922,2,13,1031.76304169737,2,13,1027.41253872851,2,13,1032.92814149547,2,13,1040.40250733204,2,13,1037.79788575575,2,13,1035.6980342409,2,13,1043.55970302549,2,13,1039.43496662717,2,13,1037.72334562868,2,13,1030.0193089611,2,13,1038.0464692017,2,13,1038.75400927153,2,13,1027.35432380165,2,13
1009.26389839341,2,14,1023.78542727364,2,14,1024.10310796679,2,14,1031.15310907291,2,14,1028.78376836238,2,14,1033.20507362217,2,14,1041.33710402646,2,14,1038.22016353901,2,14,1035.63347611931,2,14,1043.32556396212,2,14,1040.19500708546,2,14,1037.7519984697,2,14,1030.59580197376,2,14,1039.76094708443,2,14,1039.96279735703,2,14,1029.37105764268,2,14
1010.11662803843,2,15,1023.83376530112,2,15,1024.86475675072,2,15,1031.99168735268,2,15,1029.21055040871,2,15,1033.38982471641,2,15,1041.21631648312,2,15,1038.21432227031,2,15,1035.66477366019,2,15,1043.03147252531,2,15,1041.29365561609,2,15,1038.55306625944,2,15,1030.27840887592,2,15,1040.47153757565,2,15,1040.36687672981,2,15,1030.11075035224,2,15
282.66416959814,3,0,415.642034807155,3,0,544.939886040204,3,0,279.049682994292,3,0,587.2649123568,3,0,508.832409197094,3,0,424.581491593392,3,0,547.269887374619,3,0,496.616934450176,3,0,279.364411105982,3,0,411.274036355737,3,0,398.522456926756,3,0,386.325716959869,3,0,757.391801790746,3,0,392.70210463642,3,0,493.264698986285,3,0
276.543846163325,3,1,481.883201237466,3,1,671.44403723037,3,1,377.996195997299,3,1,567.715613379654,3,1,517.343795498527,3,1,417.760118625874,3,1,696.587572411067,3,1,640.051904444514,3,1,364.626411213387,3,1,512.681227936931,3,1,417.336735160913,3,1,406.977946682362,3,1,727.409529658161,3,1,373.402960945416,3,1,477.799983262059,3,1
304.791186585326,3,2,633.485968367106,3,2,827.231794417151,3,2,557.403955920363,3,2,566.806350961301,3,2,593.922997301517,3,2,452.445137626403,3,2,851.718832730034,3,2,804.435921383997,3,2,545.724276498495,3,2,684.825706453479,3,2,505.088788681502,3,2,503.857988497681,3,2,714.035239716944,3,2,386.747381185163,3,2,477.046503898443,3,2
367.214015120448,3,3,765.09356974407,3,3,920.240399405114,3,3,702.988434824579,3,3,562.906642222979,3,3,699.466552231819,3,3,539.388368034746,3,3,937.86525541908,3,3,906.432317019977,3,3,697.73429375406,3,3,817.337296060986,3,3,622.288155436529,3,3,627.546051346865,3,3,689.135938470065,3,3,407.025411694427,3,3,478.908724697707,3,3
564.581052440086,3,4,911.588020221229,3,4,986.181703797892,3,4,877.381226484698,3,4,639.983300305146,3,4,868.390264639547,3,4,736.706095686629,3,4,998.484978209156,3,4,985.361691252163,3,4,882.673821992728,3,4,950.011700258312,3,4,811.054389001821,3,4,809.844657454733,3,4,710.166377567272,3,4,540.432307963344,3,4,575.791787937996,3,4
702.004041220376,3,5,962.238686455111,3,5,1004.54601503186,3,5,948.40015274075,3,5,717.206005558916,3,5,942.165675639917,3,5,852.496789817031,3,5,1015.8329389205,3,5,1007.32720829028,3,5,957.325654079301,3,5,991.466027795491,3,5,904.87227873773,3,5,899.468074073398,3,5,717.601935813008,3,5,664.425294440623,3,5,679.960676670968,3,5
837.829530210068,3,6,992.84652514562,3,6,1014.8284105153,3,6,990.797252087115,3,6,832.404287336552,3,6,989.211096050343,3,6,948.957314107911,3,6,1026.47508913162,3,6,1020.30465217158,3,6,1002.83016572481,3,6,1015.6529713365,3,6,972.988420851672,3,6,965.162614470691,3,6,787.320108226982,3,6,808.269027359373,3,6,817.219032947116,3,6
913.23109950924,3,7,1005.69824775094,3,7,1019.34081840246,3,7,1007.37561938599,3,7,912.288078524953,3,7,1008.12214801119,3,7,990.890800568673,3,7,1030.91156655667,3,7,1025.8544424754,3,7,1020.35879062168,3,7,1025.49212124994,3,7,1001.05760481994,3,7,992.840394322461,3,7,872.572862085579,3,7,901.933190754747,3,7,904.824976775847,3,7
973.470375454232,3,8,1015.52279910121,3,8,1023.18180765787,3,8,1022.21936662989,3,8,984.847180952729,3,8,1023.08347085377,3,8,1021.83895907216,3,8,1034.66001105348,3,8,1030.99997832083,3,8,1033.47596762924,3,8,1033.34755862849,3,8,1022.58929261007,3,8,1014.88766761971,3,8,979.259061448929,3,8,991.446455231745,3,8,980.526317239532,3,8
988.39066783856,3,9,1018.16839237742,3,9,1024.59394440226,3,9,1026.66147427869,3,9,1002.89872238973,3,9,1026.51531058743,3,9,1029.65594191077,3,9,1036.30625442279,3,9,1032.53035797273,3,9,1037.63470102227,3,9,1035.61831500535,3,9,1028.09440516142,3,9,1020.55809448538,3,9,1006.3279158584,3,9,1012.42259535165,3,9,1000.54024501034,3,9
998.998734441897,3,10,1020.71698208708,3,10,1024.61781716452,3,10,1028.99228338757,3,10,1013.84130080667,3,10,1029.33062247021,3,10,1034.72559622726,3,10,1036.78841752011,3,10,1034.17295500747,3,10,1040.36840974505,3,10,1037.54516366709,3,10,1032.12981337682,3,10,1024.42612938365,3,10,1021.93038885566,3,10,1025.81785242779,3,10,1013.16369189719,3,10
1003.21048341626,3,11,1021.73933385258,3,11,1023.98892482293,3,11,1030.49013069974,3,11,1019.03413443837,3,11,1030.47586717884,3,11,1037.53297344574,3,11,1037.12767789068,3,11,1035.04611142315,3,11,1041.64817108011,3,11,1037.59994810431,3,11,1034.27858662891,3,11,1025.91890409382,3,11,1027.95341554469,3,11,1032.05872749405,3,11,1019.26878811015,3,11
1007.16036962657,3,12,1022.47698698261,3,12,1024.95888975649,3,12,1032.13486949467,3,12,1023.79373453071,3,12,1031.59845331059,3,12,1039.90643354306,3,12,1038.04899951539,3,12,1035.59269187308,3,12,1042.5740562278,3,12,1038.07029638263,3,12,1036.10020224237,3,12,1027.55792256546,3,12,1033.34859432197,3,12,1036.62655992636,3,12,1024.48397764313,3,12
1008.69077222708,3,13,1023.16423129621,3,13,1025.22695700313,3,13,1032.55920016729,3,13,1025.84713868777,3,13,1031.82517234143,3,13,1040.84415809632,3,13,1038.32050972736,3,13,1036.078891712,3,13,1043.08127180658,3,13,1038.06067203956,3,13,1035.95181139158,3,13,1028.26161635604,3,13,1035.85288763181,3,13,1038.43457571605,3,13,1026.1878984211,3,13
1009.95660030407,3,14,1023.26810786711,3,14,1025.17118983246,3,14,1032.8185806735,3,14,1026.60627261889,3,14,1031.96863695086,3,14,1041.95155796021,3,14,1038.57608521449,3,14,1035.88912622109,3,14,1043.61495513848,3,14,1038.24990482459,3,14,1035.82869946499,3,14,1028.61344272319,3,14,1037.97125202526,3,14,1039.31129898718,3,14,1027.52862960276,3,14
1010.54195565564,3,15,1023.40419460203,3,15,1025.60725847734,3,15,1032.94094651025,3,15,1027.84086018828,3,15,1032.33418646984,3,15,1042.31323371465,3,15,1038.90705365498,3,15,1035.72774858808,3,15,1044.57565580106,3,15,1038.50712048364,3,15,1036.57892229095,3,15,1028.59166745057,3,15,1039.14754550109,3,15,1040.17584767905,3,15,1027.9621755882,3,15
191.124861258703,4,0,291.643143816291,4,0,382.942715185039,4,0,142.865366081494,4,0,500.634096695489,4,0,418.697584424503,4,0,345.827235823257,4,0,317.585482410965,4,0,308.390817491631,4,0,153.293788793665,4,0,281.050756087121,4,0,292.719001896388,4,0,287.228692432745,4,0,668.591911869661,4,0,295.106964255728,4,0,404.709777781369,4,0
178.299829334551,4,1,310.837824636605,4,1,441.207331224407,4,1,178.875847845684,4,1,481.522658178683,4,1,417.457160293299,4,1,329.477885554818,4,1,446.460940237903,4,1,405.133896554102,4,1,170.109816179591,4,1,319.094153244921,4,1,289.355822727363,4,1,287.798634764466,4,1,635.205327623053,4,1,280.539928353334,4,1,380.907885411686,4,1
187.820867197918,4,2,409.044209279254,4,2,599.077367887884,4,2,306.224455623408,4,2,483.501142892211,4,2,438.994630611237,4,2,333.197988294872,4,2,632.087658969831,4,2,582.36133657615,4,2,288.290183481874,4,2,451.150306007443,4,2,328.065596638349,4,2,335.53910744032,4,2,628.910019749015,4,2,281.677085083365,4,2,378.456446526855,4,2
227.71395017872,4,3,534.707186055739,4,3,741.19116135201,4,3,454.215280161908,4,3,471.946832265879,4,3,494.585488349685,4,3,358.766341194672,4,3,772.92615787018,4,3,726.764251603456,4,3,442.619629720868,4,3,596.360658889424,4,3,402.167896822386,4,3,416.342970104667,4,3,610.766537493649,4,3,280.323073980689,4,3,373.203580735026,4,3
329.280997091329,4,4,742.150682281923,4,4,901.892392336857,4,4,679.214499708027,4,4,511.760375004997,4,4,675.718433914066,4,4,511.674599817829,4,4,923.601687106189,4,4,895.651968695471,4,4,675.930843449105,4,4,801.109913073116,4,4,596.747192369565,4,4,608.283641456042,4,4,627.780259449972,4,4,354.388176433232,4,4,417.252571015715,4,4
457.902517986464,4,5,850.718104885588,4,5,960.763453267215,4,5,806.180563126792,4,5,540.095713005513,4,5,795.928179161853,4,5,642.726267030483,4,5,977.129622753959,4,5,960.493190047629,4,5,808.664011036601,4,5,901.664179657817,4,5,728.434651140869,4,5,737.032560805372,4,5,613.409452956041,4,5,436.300865658984,4,5,468.997255658672,4,5
628.751692942863,4,6,938.146737589473,4,6,994.635692606308,4,6,915.964495518759,4,6,636.112696943415,4,6,907.7774801453,4,6,797.239194378138,4,6,1007.84119562504,4,6,998.394640156783,4,6,924.966334596241,4,6,972.368118524432,4,6,857.318382609061,4,6,863.600999350654,4,6,633.014790636566,4,6,588.226933190605,4,6,602.099123740673,4,6
753.786650406154,4,7,975.999904691298,4,7,1007.70684898151,4,7,968.757453027023,4,7,740.972710174837,4,7,963.456649896367,4,7,895.280550968349,4,7,1020.03311799731,4,7,1013.93256649649,4,7,979.022226856531,4,7,1001.7539178534,4,7,933.210589046327,4,7,933.269471993396,4,7,686.510445018886,4,7,715.00928776584,4,7,722.665949997056,4,7
901.569144548758,4,8,1004.30086983834,4,8,1018.02132928336,4,8,1008.82066539829,4,8,895.076878486042,4,8,1009.21489252638,4,8,985.379097762046,4,8,1029.81262814043,4,8,1026.47328932131,4,8,1017.93805907368,4,8,1023.75929408019,4,8,997.841987776799,4,8,993.567546534811,4,8,861.017112504469,4,8,896.066090507081,4,8,885.538702324019,4,8
949.857790528114,4,9,1012.40755223251,4,9,1020.89497446699,4,9,1018.17248995909,4,9,951.528976818295,4,9,1017.4932235007,4,9,1006.84217015939,4,9,1033.02560956214,4,9,1029.51549816496,4,9,1028.5795173761,4,9,1029.67559899544,4,9,1014.29673408545,4,9,1007.95664862823,4,9,932.817701006598,4,9,957.316936120908,4,9,947.167993044868,4,9
979.108427683217,4,10,1017.16175098699,4,10,1022.69621712268,4,10,1024.68155504976,4,10,987.742411472855,4,10,1025.07770740711,4,10,1022.98731546353,4,10,1035.24794392788,4,10,1031.70570205749,4,10,1034.910195338,4,10,1034.52070490076,4,10,1024.63369713801,4,10,1017.57928454441,4,10,985.514439199782,4,10,997.602616707306,4,10,986.124086729973,4,10
991.634104751457,4,11,1019.47031298361,4,11,1023.86976847942,4,11,1026.8112605293,4,11,1003.62964830158,4,11,1027.75562716418,4,11,1029.51547122772,4,11,1035.69790258997,4,11,1033.20141882049,4,11,1037.65433365043,4,11,1036.37260527518,4,11,1029.92006445791,4,11,1022.00259372004,4,11,1007.34476108619,4,11,1014.82751697874,4,11,1002.60780697852,4,11
1001.81978541691,4,12,1021.89250650898,4,12,1024.70293721332,4,12,1029.35511390963,4,12,1015.27645878993,4,12,1029.35843496239,4,12,1034.72944943759,4,12,1036.83373066601,4,12,1034.40645896455,4,12,1040.28267766224,4,12,1038.03467713126,4,12,1034.13715182665,4,12,1025.4867902051,4,12,1024.51393292653,4,12,1028.34376340711,4,12,1014.75572395974,4,12
1005.32210718621,4,13,1022.67650432666,4,13,1024.84377633309,4,13,1030.16563099375,4,13,1019.38580053049,4,13,1030.12498384086,4,13,1036.15028986105,4,13,1037.32886993914,4,13,1034.38169779309,4,13,1041.50959125682,4,13,1038.71186633302,4,13,1035.54872250424,4,13,1026.85383607546,4,13,1030.62602196664,4,13,1033.05085037353,4,13,1019.10663020215,4,13
1007.47507548388,4,14,1022.67095460036,4,14,1025.1114161466,4,14,1031.01334942026,4,14,1022.90133015035,4,14,1031.22433145869,4,14,1037.56634208868,4,14,1036.90138257782,4,14,1034.77958732793,4,14,1042.01977262379,4,14,1039.11649383964,4,14,1036.17446426521,4,14,1027.5534805422,4,14,1034.27004085006,4,14,1036.65460018549,4,14,1022.82168063131,4,14
1008.86902605911,4,15,1023.25120221087,4,15,1025.74547819876,4,15,1032.19426778268,4,15,1024.61045648675,4,15,1032.3327007885,4,15,1038.7786209629,4,15,1036.838253045,4,15,1034.78082332347,4,15,1042.68420582295,4,15,1038.75868430018,4,15,1036.94927829905,4,15,1028.3199318606,4,15,1036.88059997209,4,15,1038.44274971815,4,15,1025.23203294228,4,15
147.064694995872,5,0,240.848201507587,5,0,328.841300360467,5,0,95.6649245213125,5,0,454.013418184401,5,0,382.467671658282,5,0,281.356200029923,5,0,234.897797597572,5,0,235.922578985099,5,0,109.251954365441,5,0,229.819880076556,5,0,243.291369572144,5,0,243.578760043834,5,0,629.109371902939,5,0,248.640931321426,5,0,366.263721611373,5,0
130.278388212748,5,1,251.612698211604,5,1,358.810846857286,5,1,108.635152833936,5,1,428.096144923462,5,1,365.814809557472,5,1,262.059776432937,5,1,335.815053214558,5,1,304.256763477486,5,1,100.416917042547,5,1,248.916310539578,5,1,236.705635596961,5,1,236.668253108353,5,1,605.41492682056,5,1,230.260083272632,5,1,351.996632755942,5,1
153.326929710667,5,2,319.980863045468,5,2,492.24632064173,5,2,201.980216665516,5,2,432.022447946753,5,2,387.835074637826,5,2,269.338786526292,5,2,519.325299085524,5,2,467.06669974189,5,2,180.54808260407,5,2,348.225782209406,5,2,264.340310039563,5,2,271.139553629048,5,2,592.604235185862,5,2,232.788740485529,5,2,343.13628030269,5,2
142.788721901886,5,3,428.422323847206,5,3,636.553494879366,5,3,337.804121696682,5,3,414.954370345481,5,3,413.88410661343,5,3,277.622012448195,5,3,671.010636890933,5,3,619.924544367369,5,3,316.890697395568,5,3,486.869820483616,5,3,311.378634649239,5,3,325.705963682631,5,3,573.191408603395,5,3,226.620399703376,5,3,323.33158473894,5,3
238.483868087764,5,4,640.556180913155,5,4,832.508323841914,5,4,566.733149047409,5,4,452.106999141729,5,4,574.560653358539,5,4,395.026245417964,5,4,860.22920410508,5,4,820.384063902611,5,4,559.682648381519,5,4,704.946581158833,5,4,487.365020901935,5,4,501.924725862793,5,4,591.967645531829,5,4,275.748156322863,5,4,363.386594762805,5,4
348.924912170196,5,5,768.51553682212,5,5,920.666544090072,5,5,709.498160724718,5,5,467.505165563069,5,5,699.571047143413,5,5,518.46521418279,5,5,939.584304775355,5,5,913.139439575904,5,5,705.741638997331,5,5,827.445690150716,5,5,620.076036342464,5,5,635.838008145765,5,5,573.954727997432,5,5,335.65689898124,5,5,389.777951629249,5,5
517.632963143212,5,6,884.021968408436,5,6,976.881385975257,5,6,847.986184111456,5,6,545.991974567476,5,6,836.139929876367,5,6,681.180011385293,5,6,990.403345194228,5,6,975.460082176752,5,6,854.013046542116,5,6,931.669767465711,5,6,770.542989628089,5,6,783.094679398043,5,6,574.275628884217,5,6,475.466207233828,5,6,496.333459704085,5,6
650.589400638163,5,7,945.030307241052,5,7,998.574467243123,5,7,926.184855918529,5,7,643.67573394329,5,7,919.432027021166,5,7,803.642237038765,5,7,1011.05822328847,5,7,1000.7711748551,5,7,936.702306428541,5,7,979.559565105752,5,7,871.06175035948,5,7,879.109594892755,5,7,605.608760034798,5,7,605.160494113681,5,7,618.561621143461,5,7
836.237038778542,5,8,991.588962457144,5,8,1014.81544704567,5,8,993.21118604192,5,8,822.874281523279,5,8,990.520630775036,5,8,947.234659930044,5,8,1025.85758540692,5,8,1020.46984245073,5,8,1004.3033420291,5,8,1015.81341999922,5,8,971.635213029538,5,8,971.410717727176,5,8,771.565622544447,5,8,820.220863983971,5,8,808.220619489378,5,8
908.614643204976,5,9,1003.99070181164,5,9,1018.89507193766,5,9,1008.79610424219,5,9,901.732227903729,5,9,1008.23804677503,5,9,987.671152343158,5,9,1029.56778105712,5,9,1025.76427595156,5,9,1020.6862284596,5,9,1024.77191025627,5,9,999.280796598502,5,9,995.268933387572,5,9,863.922297262503,5,9,905.040174573289,5,9,893.690321114997,5,9
957.777209636597,5,10,1012.18444814995,5,10,1021.99873518217,5,10,1019.21562306409,5,10,960.226961118976,5,10,1019.34344006882,5,10,1013.88662410241,5,10,1032.10714566927,5,10,1029.7485091145,5,10,1030.4539425175,5,10,1031.39019447629,5,10,1016.29479966917,5,10,1010.56310375715,5,10,948.563127485585,5,10,970.566936808542,5,10,958.729310178393,5,10
978.467236389962,5,11,1016.38565276705,5,11,1023.03565673804,5,11,1023.56268596889,5,11,987.304824588039,5,11,1024.12398387802,5,11,1025.52161209692,5,11,1033.78065397677,5,11,1031.36719234514,5,11,1034.90620269668,5,11,1034.05419599775,5,11,1023.52090098499,5,11,1017.56964158486,5,11,987.425005747438,5,11,1000.03219944228,5,11,986.639195132578,5,11
994.603074303728,5,12,1019.84680299397,5,12,1024.5066441323,5,12,1027.38114635546,5,12,1007.65411432466,5,12,1029.8803223724,5,12,1033.77585207037,5,12,1035.41352364887,5,12,1032.56833708702,5,12,1039.03109868957,5,12,1037.26693270022,5,12,1029.86150302837,5,12,1022.75234835144,5,12,1015.62757118224,5,12,1021.18612857768,5,12,1007.95528146888,5,12
1000.32344042518,5,13,1021.22047179421,5,13,1025.95560395989,5,13,1028.85973292855,5,13,1015.10913701391,5,13,1030.67238972943,5,13,1037.47122174846,5,13,1035.48097339734,5,13,1032.86425050453,5,13,1040.86230381453,5,13,1038.38365864832,5,13,1032.3029576805,5,13,1024.67496740988,5,13,1025.12916050205,5,13,1028.17605955426,5,13,1014.43484123009,5,13
1004.37636162654,5,14,1021.3714219495,5,14,1026.45797345979,5,14,1030.21151428129,5,14,1020.51812753783,5,14,1031.47669288783,5,14,1039.52253611199,5,14,1036.12037919645,5,14,1033.92814323337,5,14,1041.7555224822,5,14,1039.11095662812,5,14,1034.39091465908,5,14,1026.52673303447,5,14,1031.72251095687,5,14,1033.90270212051,5,14,1019.45794093418,5,14
1007.1111261923,5,15,1021.6111218903,5,15,1026.45512962578,5,15,1030.14900501816,5,15,1023.32706145903,5,15,1032.26554428695,5,15,1042.77547706082,5,15,1036.13081868829,5,15,1034.41386344815,5,15,1042.25165654652,5,15,1038.79935319926,5,15,1035.78244866552,5,15,1026.97319263717,5,15,1035.39384873617,5,15,1036.25818781538,5,15,1022.32576507797,5,15
88.4667833577822,6,0,177.131964059846,6,0,262.646367857414,6,0,54.8046477017353,6,0,396.594213608288,6,0,328.715263408374,6,0,245.929258518759,6,0,142.337089779001,6,0,164.865931088472,6,0,76.4752143850693,6,0,161.342253456384,6,0,182.801221639033,6,0,185.664650759586,6,0,587.996551351486,6,0,189.18145002505,6,0,308.609704730831,6,0
67.7186631814057,6,1,175.672459577177,6,1,274.222274639336,6,1,49.6972699493806,6,1,376.153113558939,6,1,309.194516636583,6,1,221.971828498884,6,1,198.612416088341,6,1,198.113598671819,6,1,68.5088936840828,6,1,164.376944626908,6,1,171.96793492117,6,1,174.693383756015,6,1,556.238249657691,6,1,166.326798639804,6,1,290.795786923992,6,1
75.5099805389275,6,2,220.261829950436,6,2,357.366684659187,6,2,83.9287907086214,6,2,373.171956509452,6,2,312.171247040321,6,2,220.763852065772,6,2,357.78522135652,6,2,326.281698355726,6,2,71.8852418879992,6,2,224.785524859986,6,2,185.875367636766,6,2,192.317856120965,6,2,545.78037460208,6,2,165.375708176107,6,2,282.488368969041,6,2
71.8226415300879,6,3,295.948954278176,6,3,489.579291260067,6,3,184.737788423325,6,3,356.601103835969,6,3,329.439840697728,6,3,225.157243201573,6,3,515.167651009876,6,3,475.466526161015,6,3,160.92962626857,6,3,333.069064422167,6,3,210.098196463095,6,3,217.949055847003,6,3,531.452407957128,6,3,158.304649523799,6,3,265.319507879834,6,3
137.447619894199,6,4,499.540313226713,6,4,709.097405547135,6,4,413.566377527085,6,4,388.906933565166,6,4,449.427848143068,6,4,297.364253453665,6,4,737.429308220132,6,4,698.379364906512,6,4,394.742833803661,6,4,556.941258942227,6,4,347.095905649911,6,4,364.972565875209,6,4,548.109145067904,6,4,199.363843844074,6,4,294.787453227105,6,4
205.723478691728,6,5,634.009468776241,6,5,829.644819188004,6,5,566.600405694168,6,5,395.659238768392,6,5,565.123213837383,6,5,387.032502089713,6,5,853.971780322733,6,5,821.040398642493,6,5,552.145827450723,6,5,701.181391235906,6,5,475.689099315118,6,5,492.922147122106,6,5,532.832964110304,6,5,231.048782953091,6,5,307.461631091015,6,5
357.270833561192,6,6,783.526524405389,6,6,927.664394761636,6,6,732.064873200181,6,6,440.615012456813,6,6,719.056330931503,6,6,549.225839449899,6,6,945.729199181451,6,6,926.285195473525,6,6,729.898835781938,6,6,844.021703407022,6,6,639.452848714305,6,6,657.072905562465,6,6,528.836057100197,6,6,336.702290245635,6,6,366.049086455167,6,6
501.040746731864,6,7,878.062809890353,6,7,972.476416691332,6,7,843.371778988227,6,7,518.461575114251,6,7,830.679781334421,6,7,685.004243127691,6,7,986.556078669325,6,7,973.439023097562,6,7,845.836777867415,6,7,927.405906038759,6,7,760.267672929117,6,7,775.002980589205,6,7,531.804349043813,6,7,460.400565016572,6,7,470.008810606502,6,7
718.084906210807,6,8,965.339530498565,6,8,1005.06411281662,6,8,962.460506509663,6,8,709.736898036847,6,8,952.270878304307,6,8,872.31424968896,6,8,1015.73030388677,6,8,1009.82318238601,6,8,968.922747655079,6,8,997.546410990483,6,8,913.322018228736,6,8,921.247330221508,6,8,654.776320959265,6,8,694.315905008707,6,8,679.196052661467,6,8
824.69633312699,6,9,989.388129922054,6,9,1012.91341894451,6,9,991.31624160234,6,9,810.566314518747,6,9,986.257696675116,6,9,943.982180588206,6,9,1023.47579597514,6,9,1020.38242819871,6,9,1001.02526748503,6,9,1014.97287111316,6,9,963.916149605493,6,9,963.846916748971,6,9,750.483166030419,6,9,807.905040583264,6,9,792.835000092426,6,9
912.771442487755,6,10,1004.10209989073,6,10,1018.28036687976,6,10,1010.38168593814,6,10,905.021473520877,6,10,1007.11619708463,6,10,991.610444534736,6,10,1027.84563558093,6,10,1026.66323396167,6,10,1020.15327043905,6,10,1025.6298927061,6,10,997.341290676099,6,10,995.622124533706,6,10,867.395972509821,6,10,910.540821028627,6,10,898.383606873105,6,10
954.598900638675,6,11,1011.27967261645,6,11,1021.09050598885,6,11,1018.40330905594,6,11,954.220291457019,6,11,1016.47042940121,6,11,1011.79588010544,6,11,1030.5494426606,6,11,1029.20862035337,6,11,1029.12306318106,6,11,1030.25570084713,6,11,1009.72647209374,6,11,1008.35243666341,6,11,935.784374094478,6,11,964.380190062108,6,11,951.396569692665,6,11
984.058331718482,6,12,1016.69097832974,6,12,1023.02270650427,6,12,1025.20679870984,6,12,993.111664957544,6,12,1023.63794304698,6,12,1026.15778405069,6,12,1032.9732406504,6,12,1031.17119082959,6,12,1036.05486532426,6,12,1035.09364985082,6,12,1021.28403027466,6,12,1018.46616425689,6,12,992.527036542733,6,12,1005.05298918648,6,12,991.317326965971,6,12
992.902004681318,6,13,1019.00997416843,6,13,1024.15856781398,6,13,1027.92086351994,6,13,1005.76635220558,6,13,1025.98888799494,6,13,1031.15349977567,6,13,1033.86672372404,6,13,1031.57290814705,6,13,1038.65228956136,6,13,1037.19069435204,6,13,1025.97553437352,6,13,1022.73356799569,6,13,1011.53082767464,6,13,1018.70787413205,6,13,1004.85136723373,6,13
999.455287030795,6,14,1021.04629998996,6,14,1024.15752796118,6,14,1029.65061827002,6,14,1015.28578499304,6,14,1028.48113933925,6,14,1035.41594897832,6,14,1034.96842669561,6,14,1032.58374763023,6,14,1040.8259397505,6,14,1038.93953009121,6,14,1029.09329338486,6,14,1024.57920793985,6,14,1024.38805818984,6,14,1028.09231954089,6,14,1013.87636105718,6,14
1004.06964366376,6,15,1021.78569303583,6,15,1024.75312681162,6,15,1030.47937046313,6,15,1020.30654889222,6,15,1029.61748251282,6,15,1037.85592157389,6,15,1035.32239873489,6,15,1033.41251113427,6,15,1042.41031674188,6,15,1039.09264539898,6,15,1033.19604719294,6,15,1026.60576710973,6,15,1029.97621684817,6,15,1033.11243040238,6,15,1018.51486068272,6,15
70.6225571520023,7,0,136.713501713506,7,0,212.769529311444,7,0,47.7272907929073,7,0,361.293185357959,7,0,283.474043447729,7,0,188.970194382843,7,0,96.1344598599912,7,0,112.277907497632,7,0,103.738015349645,7,0,119.004119414564,7,0,145.699907905142,7,0,144.563383854232,7,0,551.85414392126,7,0,152.831338393757,7,0,269.051832802488,7,0
74.1186933334031,7,1,127.052419376527,7,1,216.347284793875,7,1,43.5981435007767,7,1,335.460540979741,7,1,262.230182792503,7,1,172.29932868171,7,1,124.111453649773,7,1,131.474856761464,7,1,102.009945204756,7,1,117.301012026052,7,1,133.186635891309,7,1,134.64116750958,7,1,529.492395605677,7,1,133.955325005164,7,1,247.498342797419,7,1
56.7794741592802,7,2,157.44512895481,7,2,277.255870179813,7,2,24.7094867771369,7,2,338.643237471819,7,2,273.862414630435,7,2,161.544410857451,7,2,255.966430021705,7,2,230.440577166336,7,2,76.7386498856481,7,2,159.984740406043,7,2,139.550751907516,7,2,147.479862935741,7,2,521.873931057294,7,2,128.392481608189,7,2,242.047662485075,7,2
45.7568907132332,7,3,211.586162710343,7,3,388.484510713537,7,3,90.9130667365452,7,3,323.262532336006,7,3,274.794920061537,7,3,156.708369524516,7,3,408.121555843837,7,3,366.434486173874,7,3,85.1159701496274,7,3,241.113010569316,7,3,151.34068868629,7,3,162.509921224898,7,3,496.698110685671,7,3,118.37990428741,7,3,232.825150909125,7,3
81.0150847688415,7,4,396.92000196828,7,4,611.107916352232,7,4,303.068033638616,7,4,352.673077224116,7,4,367.316903647369,7,4,213.953850633531,7,4,642.268530528452,7,4,601.836715694707,7,4,282.210760294531,7,4,457.482001928566,7,4,260.255672645772,7,4,280.3577760247,7,4,503.866850604485,7,4,155.676677295939,7,4,258.744516661155,7,4
128.097920316297,7,5,536.938481772875,7,5,750.22455682886,7,5,457.791193220564,7,5,351.696988729422,7,5,471.415692245359,7,5,276.389194140791,7,5,775.387315182648,7,5,739.357666811037,7,5,440.404901274388,7,5,606.523779080075,7,5,373.067487202848,7,5,397.917928377993,7,5,489.628475940388,7,5,170.345250451776,7,5,256.612989917106,7,5
260.529517908136,7,6,698.945462859584,7,6,877.845259428109,7,6,634.019804591229,7,6,384.332986915493,7,6,629.754166939766,7,6,440.460451988088,7,6,897.280929070145,7,6,872.531700987292,7,6,623.59156567634,7,6,766.574378716857,7,6,539.1347889484,7,6,563.10473633343,7,6,483.371227181691,7,6,247.473074445075,7,6,301.867640845192,7,6
401.071411017661,7,7,813.202063367379,7,7,945.389109178935,7,7,762.500276312791,7,7,438.36613319624,7,7,754.122035578384,7,7,581.56078988657,7,7,958.977279479785,7,7,942.298417013165,7,7,760.200963546736,7,7,872.367528719808,7,7,670.545309587657,7,7,692.969562295211,7,7,479.490650821298,7,7,357.22980503563,7,7,380.777226548065,7,7
631.340751521501,7,8,935.866727579178,7,8,996.551044905771,7,8,925.282270595394,7,8,621.071948422527,7,8,912.904184754909,7,8,793.440279319231,7,8,1006.08817451598,7,8,998.883084266161,7,8,926.105240298664,7,8,976.121150842265,7,8,856.600487739257,7,8,873.102898872723,7,8,576.340394398724,7,8,602.305567735786,7,8,587.097151396047,7,8
747.23351646631,7,9,972.30192531614,7,9,1008.10553441075,7,9,971.154690855755,7,9,730.873268458754,7,9,964.199164208562,7,9,889.021547363546,7,9,1017.9389630028,7,9,1012.93461798457,7,9,977.435780431901,7,9,1003.18222438254,7,9,929.177765815153,7,9,936.691924165581,7,9,664.671913130769,7,9,725.631285917046,7,9,709.380923395044,7,9
858.321085591657,7,10,996.10009417362,7,10,1015.3788654935,7,10,999.445393373649,7,10,847.810880285119,7,10,996.369564291871,7,10,962.689945901054,7,10,1025.46193078098,7,10,1022.72307302519,7,10,1008.59625483979,7,10,1019.59542377229,7,10,980.427023655937,7,10,979.637801796469,7,10,790.645128416287,7,10,849.171729490972,7,10,835.613520176261,7,10
920.832657255293,7,11,1006.29708055235,7,11,1018.96884510908,7,11,1011.39447683401,7,11,916.417824960434,7,11,1010.50206658199,7,11,995.608347415143,7,11,1028.87212021639,7,11,1027.15475549934,7,11,1021.84796641026,7,11,1026.58965750122,7,11,1002.51340168352,7,11,998.799827444176,7,11,879.862858425846,7,11,922.499894207859,7,11,911.128020743357,7,11
968.812987613926,7,12,1014.25758017104,7,12,1022.07782767602,7,12,1020.60965993051,7,12,974.620562716508,7,12,1021.99261660611,7,12,1019.22511923559,7,12,1031.85434020459,7,12,1030.8843234607,7,12,1031.89037211827,7,12,1032.27841768493,7,12,1019.86884572765,7,12,1012.8548518446,7,12,966.615486946692,7,12,985.985981673703,7,12,973.62959156893,7,12
984.052478517543,7,13,1017.99479611483,7,13,1022.54919625101,7,13,1024.74012386694,7,13,995.516974227048,7,13,1024.94589869023,7,13,1026.9715584677,7,13,1032.50227902473,7,13,1032.00354112546,7,13,1035.69183221116,7,13,1034.6583254654,7,13,1025.74246636906,7,13,1018.05064860573,7,13,995.875260286929,7,13,1007.27355885216,7,13,994.452787604527,7,13
994.915590082372,7,14,1020.71218949233,7,14,1023.77449898921,7,14,1028.31832314312,7,14,1009.63582391892,7,14,1027.88202613412,7,14,1033.59323107442,7,14,1033.01202353478,7,14,1032.89080209454,7,14,1038.27417868593,7,14,1036.05173609218,7,14,1029.61035348075,7,14,1021.57053956921,7,14,1015.48596662274,7,14,1021.5323654913,7,14,1008.09548288888,7,14
1000.1356360459,7,15,1022.83993958593,7,15,1024.42555684106,7,15,1029.81960904067,7,15,1016.91141541914,7,15,1029.58250998552,7,15,1035.70553002694,7,15,1032.7921413495,7,15,1034.01500711963,7,15,1039.52328663329,7,15,1037.07085344415,7,15,1032.12419804442,7,15,1023.44342916364,7,15,1024.78208159447,7,15,1028.80246629284,7,15,1015.09477710967,7,15
62.3489382680745,8,0,46.4221435368894,8,0,111.934110535463,8,0,117.341771870085,8,0,290.60252056317,8,0,203.681372812953,8,0,106.842328027067,8,0,32.0094061112272,8,0,22.8761786640695,8,0,108.700175797421,8,0,39.2650809978764,8,0,65.9021891074745,8,0,61.2589693601179,8,0,477.48646963891,8,0,55.4711505181785,8,0,196.55339008441,8,0
66.9254280589476,8,1,43.9885922420956,8,1,101.673684667232,8,1,126.045290147361,8,1,267.907914679706,8,1,180.674742520232,8,1,80.6225675631559,8,1,22.0908461131104,8,1,18.9463416396089,8,1,123.96060645393,8,1,28.6099808376948,8,1,51.0855454358804,8,1,48.9406357042823,8,1,459.957501589004,8,1,34.7657165478839,8,1,172.967973796366,8,1
65.9476452122749,8,2,49.872257293819,8,2,123.633186338776,8,2,114.218874322927,8,2,262.956800418607,8,2,177.475224850488,8,2,94.4375616558886,8,2,57.4025095254354,8,2,52.2942241362149,8,2,118.269287789473,8,2,36.3055040219516,8,2,49.8262866177489,8,2,46.2150938802981,8,2,442.751545306068,8,2,30.4132385428162,8,2,162.028771006681,8,2
80.9422097706161,8,3,58.642227627572,8,3,168.343233794985,8,3,91.643877677632,8,3,246.212440187856,8,3,174.374538626507,8,3,73.9981794627278,8,3,164.001291801492,8,3,131.587123321454,8,3,106.193823084224,8,3,66.7191109556625,8,3,43.6477167327942,8,3,48.4556467130993,8,3,418.03661631783,8,3,19.999739950519,8,3,136.550351254413,8,3
54.5030804381279,8,4,167.111388386467,8,4,357.040710658368,8,4,85.0840254754885,8,4,270.53038579507,8,4,224.610185676982,8,4,108.356114040825,8,4,397.829063387113,8,4,346.122486139805,8,4,56.1318156338597,8,4,224.778934398939,8,4,100.086130723062,8,4,115.787281293777,8,4,430.60074663471,8,4,40.2676974606896,8,4,160.338470344581,8,4
49.1921764821696,8,5,287.542334133366,8,5,507.530569215636,8,5,212.866684389661,8,5,261.015738444146,8,5,270.61500519825,8,5,124.842052813029,8,5,551.717324203224,8,5,500.602042776712,8,5,181.917397157402,8,5,370.745678265362,8,5,161.623994125522,8,5,181.620992504554,8,5,414.981841545109,8,5,40.1690541431084,8,5,152.278760894436,8,5
62.3079168011516,8,6,462.491050710885,8,6,678.30967973356,8,6,395.294781964078,8,6,271.093315016931,8,6,402.815557411709,8,6,208.206528605566,8,6,720.014303774072,8,6,673.265649579287,8,6,362.614288378367,8,6,550.87262685669,8,6,296.793475951028,8,6,326.054553694619,8,6,407.241797338937,8,6,76.9418443725873,8,6,168.279665520346,8,6
167.590159458702,8,7,602.041532020993,8,7,801.457460830337,8,7,538.783324792836,8,7,288.35615766353,8,7,539.83882642348,8,7,328.924589514355,8,7,835.106598373902,8,7,796.189070953157,8,7,515.790125710868,8,7,687.843330334355,8,7,431.630261667421,8,7,465.393262296063,8,7,401.699663905212,8,7,139.646964277622,8,7,199.921908986213,8,7
388.487395552108,8,8,800.050207038749,8,8,940.773130711758,8,8,773.350217977813,8,8,421.982464861152,8,8,755.268940086703,8,8,566.20002101016,8,8,956.712492232789,8,8,940.725270523004,8,8,747.802888356681,8,8,875.424929122573,8,8,661.572244291886,8,8,696.31996912362,8,8,449.987927898124,8,8,369.049612610746,8,8,361.050018373596,8,8
528.59338094947,8,9,885.332366968954,8,9,977.601424265959,8,9,869.859645024919,8,9,522.672247396106,8,9,855.830378907666,8,9,696.563054347807,8,9,989.908510161424,8,9,981.148069977472,8,9,857.572524753797,8,9,945.356698512836,8,9,777.250657893043,8,9,805.370355555818,8,9,480.353460544249,8,9,502.844455498913,8,9,482.655287132999,8,9
682.578578320135,8,10,950.53246950523,8,10,999.484804052168,8,10,946.200753487804,8,10,658.165404092631,8,10,938.957019319005,8,10,830.608347410086,8,10,1010.12174288777,8,10,1006.54557923132,8,10,945.843377263421,8,10,991.045160430955,8,10,886.640588520658,8,10,903.114160217846,8,10,582.894073348371,8,10,656.725131994744,8,10,635.119037106762,8,10
791.186755285935,8,11,980.113769945165,8,11,1008.19277118041,8,11,981.190169885695,8,11,766.19971839078,8,11,978.695263286803,8,11,912.720359816585,8,11,1019.24936248909,8,11,1018.37980353597,8,11,986.401710330137,8,11,1010.77305739253,8,11,945.500855741457,8,11,953.709878534943,8,11,689.408230442385,8,11,767.94857330669,8,11,752.045817890984,8,11
903.085134862047,8,12,1002.99566784893,8,12,1015.82179555558,8,12,1007.06370555684,8,12,885.234811188802,8,12,1007.50250193831,8,12,982.032485192868,8,12,1026.46904645016,8,12,1026.77209910472,8,12,1015.62792756251,8,12,1024.98504155052,8,12,992.641758752682,8,12,992.138327433196,8,12,838.373544768271,8,12,899.126318217425,8,12,884.6132209464,8,12
946.409986139695,8,13,1010.39563124467,8,13,1018.83638831852,8,13,1015.54519173377,8,13,940.215530632398,8,13,1017.08918547084,8,13,1005.06151323372,8,13,1029.43434550598,8,13,1029.94873361919,8,13,1026.00664433302,8,13,1030.47528603711,8,13,1008.4489606366,8,13,1005.28437803103,8,13,914.394040031309,8,13,954.647956921146,8,13,941.1183182785,8,13
974.828960979136,8,14,1016.19574496149,8,14,1020.27824838822,8,14,1023.00424856102,8,14,979.222328428612,8,14,1023.90883970379,8,14,1020.22944503802,8,14,1031.40529337173,8,14,1032.47858944183,8,14,1032.30068637187,8,14,1033.61030892075,8,14,1019.60809358783,8,14,1014.03735564357,8,14,972.846790911754,8,14,993.899316231701,8,14,979.957134296935,8,14
986.894289936353,8,15,1019.06535708238,8,15,1021.53717074818,8,15,1026.79012390654,8,15,997.408043405276,8,15,1027.1835680183,8,15,1027.75622983868,8,15,1032.55971810027,8,15,1033.78523057119,8,15,1035.49797925208,8,15,1035.35065532822,8,15,1025.1658664124,8,15,1018.31213767745,8,15,998.786863160458,8,15,1011.20126662193,8,15,996.991885183639,8,15
78.3072136134826,9,0,53.7676701593147,9,0,78.6432840102858,9,0,148.040274384377,9,0,261.663327983506,9,0,162.10643743081,9,0,87.9688588559812,9,0,63.330299515434,9,0,32.745413208923,9,0,142.491679125353,9,0,21.0643666572288,9,0,39.4154162038059,9,0,39.6311409462835,9,0,436.726522787245,9,0,31.1553740026711,9,0,154.636716352929,9,0
95.3997083521546,9,1,60.5942290001945,9,1,63.6230493443491,9,1,159.282136477885,9,1,237.427274180344,9,1,135.774115376373,9,1,66.6326540212713,9,1,64.0081052065064,9,1,35.3425746966658,9,1,160.281772777128,9,1,25.2090110918452,9,1,28.906914259486,9,1,25.9273676145519,9,1,411.088491165837,9,1,29.0132343168882,9,1,139.030359131929,9,1
97.0203394282261,9,2,50.4377403568355,9,2,82.7902758102388,9,2,148.072690368754,9,2,230.973083580535,9,2,140.205018630039,9,2,68.4112454502737,9,2,30.9202478531512,9,2,18.4564885739262,9,2,158.056157973987,9,2,17.0933270686026,9,2,27.0936246938531,9,2,24.1895718447575,9,2,402.50092924226,9,2,29.5643696245297,9,2,131.499657225913,9,2
110.896399701526,9,3,42.5010772354094,9,3,109.638299696011,9,3,132.835380583717,9,3,212.443201770377,9,3,141.328935529493,9,3,51.9853624108407,9,3,99.800122131807,9,3,68.3480619047808,9,3,153.067175702713,9,3,25.6962392520867,9,3,22.2502678730517,9,3,15.8985001529283,9,3,386.419492005044,9,3,46.4763560083876,9,3,116.158859849716,9,3
84.6792410495703,9,4,98.9854409354996,9,4,266.91429187244,9,4,67.7470611402279,9,4,235.493530878913,9,4,170.043910714046,9,4,79.3903392391584,9,4,306.40402025704,9,4,255.398370301044,9,4,70.4892576352915,9,4,149.360253872637,9,4,54.6236485399763,9,4,60.992078911691,9,4,411.329327439732,9,4,24.549451695568,9,4,128.181569114555,9,4
85.2386392164226,9,5,205.135150284362,9,5,411.910863158863,9,5,147.861710567671,9,5,230.487705494644,9,5,209.789813381586,9,5,83.0435095502722,9,5,462.194052848975,9,5,408.965620547976,9,5,117.848962859087,9,5,282.175031906926,9,5,98.2872290222146,9,5,111.204465174611,9,5,395.292814995703,9,5,20.4746574384448,9,5,117.451895398084,9,5
52.6232596308758,9,6,374.336192553748,9,6,592.723503928401,9,6,307.852671585033,9,6,240.155195173244,9,6,324.78842779992,9,6,143.331247885425,9,6,637.814146894332,9,6,588.630609520204,9,6,276.041711454398,9,6,463.679916844419,9,6,216.594347336755,9,6,241.502675401875,9,6,395.404161702209,9,6,37.7256886965654,9,6,126.149620155825,9,6
101.190243187429,9,7,517.955896291946,9,7,728.118612243214,9,7,456.751925081889,9,7,249.411253063831,9,7,453.589888537895,9,7,245.747996705441,9,7,768.604918783216,9,7,723.166117975223,9,7,423.926909345481,9,7,608.486115641899,9,7,345.8961383811,9,7,377.928639168642,9,7,378.146787405318,9,7,81.3066805574767,9,7,147.250390412356,9,7
297.129012733966,9,8,729.928110903938,9,8,903.86311061834,9,8,697.827985423402,9,8,358.27730655819,9,8,681.884552932665,9,8,477.739682072827,9,8,924.168939128646,9,8,901.113416947319,9,8,661.750802672732,9,8,817.044226757682,9,8,576.408912374053,9,8,617.929238065373,9,8,426.178940068027,9,8,275.485032048295,9,8,281.870195659797,9,8
435.83708311785,9,9,832.072849963371,9,9,956.578986601025,9,9,809.535921648803,9,9,445.139837220462,9,9,794.77770467903,9,9,612.039245684312,9,9,971.925241581163,9,9,958.378857124897,9,9,785.460300955707,9,9,905.740422701087,9,9,701.347348226767,9,9,739.438867169241,9,9,428.389835340671,9,9,408.782691546914,9,9,395.832953925835,9,9
596.907795688165,9,10,920.038615155459,9,10,989.38673994735,9,10,909.879444202871,9,10,585.423945247066,9,10,898.692300956116,9,10,760.936716274169,9,10,1002.56794615047,9,10,995.138280300351,9,10,900.187714968568,9,10,969.661722783056,9,10,828.518579522239,9,10,855.988519570977,9,10,506.697033073165,9,10,572.572918110699,9,10,553.392526863272,9,10
715.853190836435,9,11,963.268019311934,9,11,1003.0602379671,9,11,960.102276310462,9,11,695.164538032594,9,11,953.065187515107,9,11,860.397320688437,9,11,1015.49859887299,9,11,1010.39314629122,9,11,959.403826274922,9,11,998.343568805916,9,11,907.342569934113,9,11,923.30977871701,9,11,606.412665499071,9,11,693.695989853791,9,11,674.740141113639,9,11
857.411065073729,9,12,995.352694143437,9,12,1013.26861096097,9,12,997.080548266974,9,12,834.328237299211,9,12,996.214454954837,9,12,956.119741054552,9,12,1025.04721054843,9,12,1022.1078325518,9,12,1003.25979309126,9,12,1019.25579055148,9,12,974.063474683263,9,12,976.862816483623,9,12,767.221626883834,9,12,843.536448923285,9,12,828.666171741905,9,12
917.489035565605,9,13,1006.45436777707,9,13,1016.84193424216,9,13,1009.98431577615,9,13,905.137312189104,9,13,1010.52334258504,9,13,990.086792062899,9,13,1028.97500219344,9,13,1026.61719057503,9,13,1017.62852359565,9,13,1026.45620944772,9,13,997.943629964566,9,13,995.991396358082,9,13,860.26776687365,9,13,916.577697120729,9,13,903.085790149423,9,13
959.900459033793,9,14,1013.9055649031,9,14,1019.57134230237,9,14,1019.38107119816,9,14,958.396516852242,9,14,1020.63907747894,9,14,1012.42024241948,9,14,1031.21134318759,9,14,1030.79641215781,9,14,1027.27884771499,9,14,1031.00238662271,9,14,1013.13352077735,9,14,1008.70837110311,9,14,940.88016344641,9,14,971.874431479349,9,14,958.811916407964,9,14
979.860183769031,9,15,1017.45461802673,9,15,1020.98152985889,9,15,1023.3882677067,9,15,985.946560329229,9,15,1025.30725883099,9,15,1022.97935768146,9,15,1032.12745027644,9,15,1032.07994847214,9,15,1032.49908308629,9,15,1034.23574053555,9,15,1021.34133891122,9,15,1015.08863997784,9,15,979.964009017164,9,15,998.288552209084,9,15,984.63863605514,9,15
121.175715934604,10,0,76.7890222606173,10,0,41.3113167960716,10,0,195.039806364597,10,0,228.161415859365,10,0,125.514158431354,10,0,46.3556964724468,10,0,107.73684925235,10,0,76.5297957861131,10,0,185.846859475207,10,0,51.0002204292103,10,0,32.7309967272718,10,0,37.5992982056652,10,0,418.675826314094,10,0,38.0319066551608,10,0,116.206006826417,10,0
139.905669110683,10,1,89.1895189160866,10,1,37.7665221293469,10,1,207.931999051698,10,1,207.251903499929,10,1,98.0528805531638,10,1,42.0506833993417,10,1,114.031772955676,10,1,86.0370753004426,10,1,204.321061654546,10,1,65.1146232456073,10,1,46.4243780236285,10,1,41.8180095031927,10,1,394.134207784215,10,1,48.9977165710959,10,1,91.6421758123781,10,1
143.49264398873,10,2,83.6835093167706,10,2,42.0278863187713,10,2,200.70309339522,10,2,194.275507686959,10,2,102.595952820563,10,2,46.675554672856,10,2,82.5098271219765,10,2,64.3550243078122,10,2,201.497796265961,10,2,56.3235290543446,10,2,48.1536510723887,10,2,37.3231121262463,10,2,385.804161335729,10,2,55.3355724875891,10,2,81.3469314064139,10,2
158.012487436167,10,3,86.676262797977,10,3,52.0242147123178,10,3,197.68901633436,10,3,179.110378740624,10,3,91.5738722308089,10,3,56.2597231162578,10,3,56.0710268237494,10,3,47.7494468791519,10,3,204.627106897921,10,3,48.9299378589678,10,3,57.1348601900542,10,3,44.4197807890624,10,3,361.568128083966,10,3,68.4635680834147,10,3,59.7112908434745,10,3
127.28623128517,10,4,64.08700767103,10,4,163.162587376522,10,4,124.416907545018,10,4,203.289062900385,10,4,127.494417022191,10,4,42.3988047476209,10,4,206.103405963107,10,4,157.114611505213,10,4,136.894079491725,10,4,70.7945534480318,10,4,21.0624066202679,10,4,18.6656820061314,10,4,379.404442230317,10,4,47.8930441124659,10,4,79.009471801848,10,4
131.868817027818,10,5,112.100487921623,10,5,296.808945340267,10,5,86.9668857327512,10,5,191.158424169716,10,5,143.682949242906,10,5,51.4512968568088,10,5,348.778971007052,10,5,302.983959951461,10,5,95.1095949595559,10,5,173.876959303707,10,5,37.155687564515,10,5,43.9374373666292,10,5,358.707160896363,10,5,56.3433374747293,10,5,66.0625732851108,10,5
107.158463010268,10,6,258.69544355691,10,6,477.805980394332,10,6,219.660095242594,10,6,190.77048101899,10,6,222.860334031158,10,6,79.7223069842762,10,6,527.027384437197,10,6,477.037203522029,10,6,185.176502325306,10,6,345.119922427403,10,6,125.6141144179,10,6,141.249729176579,10,6,354.375008243816,10,6,45.0659551788998,10,6,78.797372715315,10,6
83.6476825466794,10,7,402.964724620346,10,7,622.80606112029,10,7,347.338064399623,10,7,193.680746134954,10,7,336.244302473848,10,7,142.786161375768,10,7,668.473594458524,10,7,621.682183608433,10,7,319.54426058164,10,7,491.80658055146,10,7,240.434912254043,10,7,265.421678365261,10,7,339.656021948877,10,7,39.393307101712,10,7,79.9743789788575,10,7
200.556850604231,10,8,626.452091420459,10,8,834.42133158214,10,8,589.495801536417,10,8,287.932945852535,10,8,571.224042249836,10,8,355.878094289329,10,8,861.733338987658,10,8,831.434067220309,10,8,550.438334993066,10,8,721.369097589573,10,8,465.592636282285,10,8,508.861587739612,10,8,380.886187327969,10,8,170.265207514499,10,8,186.63570988041,10,8
324.053564486152,10,9,744.836950024984,10,9,914.960406084878,10,9,713.307374032268,10,9,349.127437951032,10,9,697.564726722455,10,9,495.115708690119,10,9,933.977658783183,10,9,913.680646919065,10,9,681.585995487172,10,9,832.592660734982,10,9,594.320428192045,10,9,637.428070130789,10,9,379.127133502673,10,9,293.301275600648,10,9,280.900328997378,10,9
480.120242330192,10,10,861.77054623007,10,10,968.738541287797,10,10,840.927989445763,10,10,474.497510119674,10,10,829.014966060615,10,10,656.348400548699,10,10,982.507986278562,10,10,971.625429740426,10,10,821.431576199099,10,10,927.686006863442,10,10,737.870597392854,10,10,774.640597776201,10,10,427.891907510481,10,10,453.392791439048,10,10,435.762231086612,10,10
610.213246983813,10,11,927.65733073875,10,11,991.961413021711,10,11,915.755833745889,10,11,588.093278196881,10,11,907.695421794299,10,11,767.960549811142,10,11,1003.4845563302,10,11,996.936803463037,10,11,907.598229332113,10,11,974.400438495259,10,11,838.620413165077,10,11,864.897876991755,10,11,505.67007419233,10,11,583.972221439662,10,11,565.275623489518,10,11
777.626573973932,10,12,979.164619021484,10,12,1008.8060815856,10,12,976.894489962639,10,12,748.228677686847,10,12,975.945146611832,10,12,899.766157173697,10,12,1019.52863049357,10,12,1016.00375561954,10,12,980.425393203539,10,12,1009.07800066049,10,12,939.143174955446,10,12,946.605345785407,10,12,668.605918590905,10,12,755.630836788472,10,12,737.027981130148,10,12
862.138472041762,10,13,995.990984467383,10,13,1014.496942072,10,13,997.839899025716,10,13,838.581072059693,10,13,999.034258864124,10,13,955.33806663006,10,13,1024.97289655044,10,13,1022.30488630453,10,13,1004.74040839985,10,13,1020.53407754983,10,13,976.96280889525,10,13,978.109202828322,10,13,771.263540378567,10,13,850.782261844197,10,13,831.505767817321,10,13
928.616688153406,10,14,1007.65648688903,10,14,1018.77601497414,10,14,1012.09276104555,10,14,917.389124028782,10,14,1013.98246237763,10,14,993.532675714907,10,14,1028.52852762171,10,14,1027.44428360058,10,14,1020.67123519222,10,14,1027.93707643098,10,14,1003.36921550392,10,14,998.865812605414,10,14,878.135455876058,10,14,931.872894257393,10,14,915.252973062689,10,14
960.525445525326,10,15,1013.71222587523,10,15,1021.23116608395,10,15,1018.17476307433,10,15,958.760690848274,10,15,1021.42112383866,10,15,1011.61927977054,10,15,1030.32591660483,10,15,1030.05288529982,10,15,1028.56864461252,10,15,1031.61742669828,10,15,1015.04466517786,10,15,1008.48638731876,10,15,940.80658597069,10,15,973.291075637764,10,15,957.154060186701,10,15
156.603112742539,11,0,98.6836235323359,11,0,31.5553248900885,11,0,226.669237504541,11,0,198.971709061483,11,0,101.122240175405,11,0,42.4955716707065,11,0,139.447811049717,11,0,109.231085575449,11,0,211.64575601455,11,0,86.2207552963345,11,0,60.0898805282325,11,0,52.2644640978567,11,0,394.932356930303,11,0,57.4889577507325,11,0,85.6410022206424,11,0
176.379980696765,11,1,108.770594586289,11,1,38.50835132951,11,1,241.235542989965,11,1,179.241208718115,11,1,76.7334448833283,11,1,54.2170726849325,11,1,145.185487928399,11,1,121.49629169331,11,1,231.842751821622,11,1,104.394434633617,11,1,80.4547053092407,11,1,69.9494101215555,11,1,371.141663452816,11,1,77.5591515340805,11,1,65.2841140933544,11,1
177.91943485823,11,2,106.576761622877,11,2,34.3726590677034,11,2,232.192629147885,11,2,175.988299185418,11,2,71.0469576567129,11,2,59.3960142725843,11,2,122.663381605453,11,2,107.007977251701,11,2,231.451680036077,11,2,96.8438001781413,11,2,78.4971774664782,11,2,69.1705166006451,11,2,365.084474841054,11,2,83.2798316305679,11,2,64.6269438043218,11,2
196.261705768937,11,3,110.405616624529,11,3,39.791782945035,11,3,230.491327758188,11,3,156.703586754266,11,3,59.1909731179396,11,3,68.0257625492054,11,3,92.195193431939,11,3,86.0914104065832,11,3,241.148746173029,11,3,93.5310693731197,11,3,94.164239949918,11,3,74.0406376443778,11,3,342.469295368334,11,3,104.41964059788,11,3,55.8600778947463,11,3
170.069013126217,11,4,71.0397305778999,11,4,104.242278828137,11,4,158.566488382674,11,4,174.291376591072,11,4,88.3727003719883,11,4,57.2625185032652,11,4,144.195563461696,11,4,98.2028421432167,11,4,187.564205016646,11,4,41.7223556855118,11,4,52.3060714310977,11,4,32.0718269914979,11,4,362.344535831381,11,4,81.3603505673976,11,4,66.1151224070644,11,4
172.256671998845,11,5,82.425499816738,11,5,218.78508767697,11,5,134.234056149891,11,5,160.490050852383,11,5,96.7192652833678,11,5,62.5122701020789,11,5,282.704125956651,11,5,230.750361800715,11,5,143.624337789524,11,5,117.982218557841,11,5,38.2073022818666,11,5,32.9235613443836,11,5,342.381566334595,11,5,89.3299999158588,11,5,55.3339009344397,11,5
150.460148382415,11,6,185.000512490886,11,6,398.674072896563,11,6,157.380423811945,11,6,163.807635334071,11,6,162.1793619385,11,6,54.4424056261012,11,6,454.181866767726,11,6,401.078300077588,11,6,137.246012173997,11,6,267.476775195437,11,6,67.3081053347225,11,6,88.0256775464337,11,6,333.390854172971,11,6,73.8870081341271,11,6,58.7592501413691,11,6
125.670029743936,11,7,325.634693776179,11,7,546.503170239285,11,7,283.74395635007,11,7,160.567486568533,11,7,259.103891493833,11,7,94.7130743458934,11,7,594.975801693136,11,7,544.110647344741,11,7,256.78203469236,11,7,414.553116895072,11,7,167.886752381497,11,7,191.84025845686,11,7,313.171717480429,11,7,72.111570905575,11,7,60.071682024275,11,7
138.055242270289,11,8,548.208016388302,11,8,776.931934491496,11,8,515.737981943504,11,8,241.32391989218,11,8,493.959535150506,11,8,275.34952682371,11,8,806.080416558493,11,8,768.010833318629,11,8,471.291343737898,11,8,645.919197197911,11,8,387.924826600121,11,8,429.0415759401,11,8,354.988283696374,11,8,106.132182220546,11,8,129.384232926794,11,8
262.717459715677,11,9,675.546292892694,11,9,874.797286967754,11,9,643.22176783206,11,9,292.253869328473,11,9,625.644264485721,11,9,413.696746197986,11,9,896.150861993719,11,9,868.444033836683,11,9,605.824815591069,11,9,769.649365297652,11,9,520.081235007481,11,9,564.16400322041,11,9,353.231998262656,11,9,218.213051816501,11,9,201.347155931198,11,9
407.92070800557,11,10,808.811716758347,11,10,947.077526353268,11,10,785.759282461764,11,10,402.285046843723,11,10,767.28624205288,11,10,577.005818426531,11,10,961.9249389763,11,10,946.494460983102,11,10,753.464883361449,11,10,885.135969954092,11,10,666.932375241034,11,10,709.006319540037,11,10,381.687124276408,11,10,372.50585428879,11,10,344.941496917538,11,10
530.234900638496,11,11,890.585682129037,11,11,979.880325261845,11,11,876.340718158413,11,11,516.211580339951,11,11,861.57094364162,11,11,701.769901836066,11,11,991.998830815714,11,11,982.045029949148,11,11,855.65805951805,11,11,948.017248063056,11,11,777.378671293238,11,11,813.09763972029,11,11,437.653229744616,11,11,505.269828897417,11,11,471.009344014058,11,11
710.407806426676,11,12,959.899360752339,11,12,1002.9308039392,11,12,957.76467429463,11,12,683.859672780814,11,12,951.889296947881,11,12,853.497556691269,11,12,1013.89967720523,11,12,1008.82045324595,11,12,952.840377051915,11,12,996.9624116581,11,12,899.795238463897,11,12,917.084289905333,11,12,593.842436537826,11,12,684.034787463104,11,12,654.955140512989,11,12
810.553743108171,11,13,983.634320189152,11,13,1010.87129315183,11,13,986.529218966884,11,13,783.26393025929,11,13,984.486467359231,11,13,924.910673872039,11,13,1020.84789334978,11,13,1018.04959267268,11,13,988.136802152699,11,13,1013.02614156047,11,13,952.245804073136,11,13,959.333304671966,11,13,698.350644342936,11,13,791.54893168515,11,13,764.229410977012,11,13
894.970678144555,11,14,999.942420818339,11,14,1016.4244972883,11,14,1006.23068608488,11,14,877.67767455296,11,14,1006.91715144319,11,14,976.960525774432,11,14,1026.21281873706,11,14,1024.56190772909,11,14,1011.10117647457,11,14,1023.40351533416,11,14,988.4232582658,11,14,987.900660129431,11,14,822.936485799806,11,14,890.993765921843,11,14,867.65747797422,11,14
940.243375723247,11,15,1008.76326187597,11,15,1018.96416680461,11,15,1015.45654458936,11,15,934.282924449402,11,15,1017.65703639702,11,15,1000.19472145116,11,15,1028.90237113683,11,15,1027.7314320258,11,15,1021.70320699149,11,15,1028.11470438095,11,15,1006.23670243552,11,15,1001.45500505842,11,15,900.766885909045,11,15,948.051944143158,11,15,924.969387029967,11,15
220.145044829827,12,0,146.78288987003,12,0,76.3766367549975,12,0,273.192179626338,12,0,143.863896407532,12,0,55.3251796480756,12,0,72.4766314732756,12,0,192.861033705112,12,0,166.076088955091,12,0,269.765390065139,12,0,137.721676830386,12,0,126.187312908487,12,0,97.8934845310026,12,0,363.985362499363,12,0,111.711894894607,12,0,48.1291876233121,12,0
236.375786444695,12,1,162.943087276852,12,1,88.8015340821968,12,1,288.890406291667,12,1,130.522525181857,12,1,33.2741679465139,12,1,87.0419112225829,12,1,205.642687229372,12,1,179.986978833172,12,1,292.037993984072,12,1,154.269272592279,12,1,142.26743845851,12,1,117.331872585458,12,1,332.305788006156,12,1,134.275708814224,12,1,32.2363479888802,12,1
241.682433627201,12,2,162.356967351832,12,2,90.7533565732306,12,2,289.574989548436,12,2,128.907436007976,12,2,25.5312315591021,12,2,91.181972382125,12,2,191.997489578783,12,2,170.477217268267,12,2,292.141909153495,12,2,152.682995318283,12,2,142.9296556019,12,2,119.527636851953,12,2,325.142898954488,12,2,142.751328708104,12,2,30.2741728684717,12,2
256.507215445186,12,3,168.635255839565,12,3,97.8763163819237,12,3,295.790396776875,12,3,105.918020236626,12,3,32.048097536764,12,3,107.537280324561,12,3,173.391022022858,12,3,163.099367113764,12,3,301.468898929292,12,3,162.240797083643,12,3,156.670043199569,12,3,132.359734202264,12,3,309.254118866636,12,3,163.976500903713,12,3,41.6571293189226,12,3
232.24955839171,12,4,135.181278198696,12,4,62.4096590482218,12,4,240.111848586364,12,4,125.85591345387,12,4,44.5165567293807,12,4,83.5078389519043,12,4,89.5764307020559,12,4,85.9876164675835,12,4,259.308783482051,12,4,102.219576911899,12,4,118.155745744852,12,4,93.2882460808701,12,4,330.134223476932,12,4,136.390305426037,12,4,36.5147086224443,12,4
242.78339995432,12,5,124.795041607444,12,5,106.70375769471,12,5,201.505228137447,12,5,114.007053727423,12,5,45.5275511351005,12,5,96.6681245301766,12,5,169.772037356322,12,5,124.249408735086,12,5,235.231584428607,12,5,77.4979859037129,12,5,115.558997086332,12,5,87.9435224978364,12,5,308.684120673752,12,5,155.153302497577,12,5,39.4841248523267,12,5
223.960758836869,12,6,109.665191395631,12,6,253.358708655124,12,6,150.961996066347,12,6,113.724711780422,12,6,74.684579161132,12,6,89.8734784877573,12,6,329.958243953104,12,6,279.614778721934,12,6,170.656462431618,12,6,159.435938575731,12,6,77.0608400826287,12,6,67.4882552480309,12,6,301.036290163068,12,6,145.884981151889,12,6,40.6959162165171,12,6
213.38014933341,12,7,205.142704532369,12,7,394.969355752766,12,7,182.188813645138,12,7,110.410597241214,12,7,138.776666560385,12,7,88.6926631190966,12,7,459.133159093728,12,7,417.748609478706,12,7,164.215353151651,12,7,281.601685996438,12,7,66.9856440913258,12,7,94.8877685072513,12,7,287.313056191026,12,7,135.255685819532,12,7,51.2141169063955,12,7
104.551482332927,12,8,410.473282339502,12,8,641.234097207378,12,8,383.45310658671,12,8,173.937451922634,12,8,348.350227397165,12,8,148.936604472791,12,8,680.702035211654,12,8,639.718419176694,12,8,346.744662238108,12,8,506.025735731571,12,8,255.6429075887,12,8,287.647053076383,12,8,322.048870244355,12,8,68.3655629624336,12,8,74.1091324567793,12,8
144.453033524715,12,9,544.243166166579,12,9,763.89645522983,12,9,516.787589888017,12,9,196.373785170643,12,9,484.451151613289,12,9,270.440215817179,12,9,798.805520418778,12,9,764.119111512107,12,9,476.116055134962,12,9,635.613296390671,12,9,389.765877277885,12,9,421.318804816573,12,9,311.087024554107,12,9,114.010195188823,12,9,106.901666437958,12,9
288.771947435734,12,10,692.223943479239,12,10,879.171409626209,12,10,662.159830603706,12,10,276.506865243164,12,10,640.800598894962,12,10,423.961663279064,12,10,902.849432879831,12,10,879.489909307879,12,10,625.533173197887,12,10,779.671371942404,12,10,538.678582990603,12,10,579.179304127011,12,10,328.797794963807,12,10,243.766719751065,12,10,209.719796598093,12,10
403.04725724362,12,11,798.10200654121,12,11,940.26908521623,12,11,772.58163183667,12,11,379.433092345145,12,11,756.076293152517,12,11,558.942907142975,12,11,957.653659826099,12,11,942.857257817011,12,11,740.959585260116,12,11,875.415634309088,12,11,656.365728914649,12,11,698.663198622067,12,11,345.504250873363,12,11,373.481349904236,12,11,323.549596733941,12,11
571.329331353117,12,12,911.80299747746,12,12,985.766083812983,12,12,898.375388173491,12,12,545.011398469058,12,12,889.335906393013,12,12,737.556704640784,12,12,998.340306260847,12,12,992.984781695844,12,12,884.658296484028,12,12,962.515532093897,12,12,808.816155318545,12,12,839.520383473439,12,12,461.266748841269,12,12,548.747298699086,12,12,513.477693339755,12,12
690.76933791776,12,13,955.827235139165,12,13,1000.84728677163,12,13,950.133725591844,12,13,655.834961204638,12,13,946.358268432521,12,13,837.308805974824,12,13,1011.50764632055,12,13,1009.24332235402,12,13,947.200540437633,12,13,992.867742876178,12,13,889.45524041983,12,13,908.510983825592,12,13,562.024653384653,12,13,662.909544451149,12,13,635.413157080487,12,13
809.521094594511,12,14,986.518687118723,12,14,1011.11081967113,12,14,986.500548933124,12,14,776.971060295782,12,14,986.316999200187,12,14,925.481536899349,12,14,1020.51519748065,12,14,1019.95791067547,12,14,990.027918822501,12,14,1012.38537499059,12,14,952.854352661181,12,14,959.684181062078,12,14,697.055675560065,12,14,789.535883259639,12,14,764.300932019817,12,14
880.995477520803,12,15,1000.27294216031,12,15,1017.05191815727,12,15,1003.62566579051,12,15,857.017833179058,12,15,1004.30797642796,12,15,969.618278169741,12,15,1025.20624198186,12,15,1025.07798066364,12,15,1009.31911247038,12,15,1021.35770367093,12,15,983.823311526995,12,15,983.727986337243,12,15,797.244036015856,12,15,873.782920143324,12,15,851.174153602597,12,15
244.920367934757,13,0,166.896397722569,13,0,92.508189749603,13,0,296.141082563212,13,0,125.626120987982,13,0,33.5175961905876,13,0,92.8436159073211,13,0,226.105004982276,13,0,192.758706887817,13,0,299.234600452378,13,0,163.511888680119,13,0,150.573991410328,13,0,131.55159266177,13,0,343.620673439972,13,0,142.021133515395,13,0,38.7556947731706,13,0
266.887565390012,13,1,184.914212113809,13,1,109.094798067537,13,1,313.096584050792,13,1,111.397334588111,13,1,28.5588669526033,13,1,110.646872510532,13,1,236.10190526285,13,1,210.110045019952,13,1,322.405168948363,13,1,184.59683926282,13,1,166.659126701248,13,1,150.241102679563,13,1,317.140572972676,13,1,171.261186123683,13,1,32.4971500047308,13,1
265.997605253624,13,2,185.715437488839,13,2,98.7957319477799,13,2,316.294565048926,13,2,102.540331511094,13,2,31.8069915694038,13,2,114.7434197169,13,2,226.192444250924,13,2,201.644109751984,13,2,324.29159385708,13,2,184.732589174914,13,2,171.493199517368,13,2,149.987742459964,13,2,305.981445107543,13,2,174.196384853283,13,2,38.576517869317,13,2
279.779942273343,13,3,193.251417996427,13,3,102.640996554291,13,3,322.753812167816,13,3,83.7514018753215,13,3,42.7642947473997,13,3,134.130856164252,13,3,216.663485850352,13,3,199.049112442182,13,3,338.759874660623,13,3,192.199625030222,13,3,183.514478180475,13,3,160.503290566423,13,3,287.647468651424,13,3,193.248266811621,13,3,57.9047924955435,13,3
252.303996151325,13,4,162.970033115262,13,4,73.2437077827703,13,4,276.495617973104,13,4,101.776978399672,13,4,30.1778366750973,13,4,112.69311022778,13,4,127.471239528559,13,4,121.885661387393,13,4,299.933254384128,13,4,138.287804460906,13,4,151.287014513828,13,4,127.094977992951,13,4,305.332927984105,13,4,171.652019543896,13,4,42.8861137408054,13,4
261.698944301398,13,5,155.358125300429,13,5,80.0964580875573,13,5,245.285042431012,13,5,90.6009896142168,13,5,36.477035874361,13,5,123.986468243768,13,5,121.030099808788,13,5,97.3914042251725,13,5,284.218750871246,13,5,110.203050908797,13,5,152.515158957284,13,5,122.688021147612,13,5,280.2715551141,13,5,184.10432205271,13,5,56.7726079887402,13,5
252.618196186734,13,6,110.095986217743,13,6,198.569782089159,13,6,190.502850044245,13,6,93.9088058586178,13,6,40.6558395118903,13,6,118.545010224345,13,6,276.007656666013,13,6,224.163614137858,13,6,208.992251113143,13,6,108.324624847129,13,6,114.916982115807,13,6,96.7318311301289,13,6,272.897860580906,13,6,177.61364935128,13,6,57.2902119308908,13,6
245.55001449985,13,7,154.863732756031,13,7,340.840975193764,13,7,134.335217701664,13,7,86.7684681410215,13,7,91.1026441465966,13,7,112.239416955305,13,7,404.35509776432,13,7,358.191220039211,13,7,175.936511117456,13,7,234.366375862167,13,7,88.3976547019489,13,7,79.7201398430772,13,7,250.880101246377,13,7,173.015113573882,13,7,67.6785933906958,13,7
147.523968694987,13,8,341.145271520923,13,8,579.847376862404,13,8,326.429651462986,13,8,145.681593839466,13,8,283.403435943892,13,8,113.921345333506,13,8,617.767091630673,13,8,578.685332410832,13,8,292.845879149167,13,8,438.86648804661,13,8,191.697698656282,13,8,227.174783355973,13,8,297.96556783606,13,8,94.3394195756156,13,8,54.4644300484437,13,8
115.203924420773,13,9,478.223127293308,13,9,711.119858821836,13,9,448.030392645367,13,9,163.046752058201,13,9,417.475465319027,13,9,210.908311027851,13,9,741.566957817472,13,9,705.597958679113,13,9,414.965694429436,13,9,572.125189946097,13,9,325.011142584158,13,9,356.077243494586,13,9,282.66730033914,13,9,68.4788999581465,13,9,73.8574116285633,13,9
240.642334445824,13,10,628.32817833708,13,10,839.046919323837,13,10,604.270442293089,13,10,222.919927885095,13,10,577.697842396414,13,10,357.60882608372,13,10,861.449923521672,13,10,836.075483499749,13,10,559.299919820134,13,10,720.396035503,13,10,475.723751374943,13,10,512.270728915051,13,10,288.585061802953,13,10,190.843879164095,13,10,160.312085757031,13,10
351.347693160066,13,11,741.205296823672,13,11,915.519850933769,13,11,712.911747782823,13,11,310.203274982376,13,11,698.326603266186,13,11,485.290954150743,13,11,931.411437144944,13,11,914.635131303487,13,11,676.923084772655,13,11,828.032947792158,13,11,594.239629137928,13,11,634.400838947446,13,11,298.957092972392,13,11,308.704607715626,13,11,265.05029648628,13,11
511.129502484607,13,12,875.5449779189,13,12,976.064056010096,13,12,857.957869948825,13,12,474.656857424141,13,12,847.841620918094,13,12,672.967532474686,13,12,986.969823650436,13,12,979.259563166524,13,12,838.652493208804,13,12,935.941290980917,13,12,752.009737804598,13,12,790.357731792055,13,12,396.876728894827,13,12,486.088238843191,13,12,436.446646312459,13,12
627.758927596991,13,13,931.837943831922,13,13,996.028063067336,13,13,922.839191933792,13,13,592.811872623574,13,13,918.273568499004,13,13,783.839072530907,13,13,1005.07268857423,13,13,1001.00628812692,13,13,915.394430973785,13,13,977.518395899944,13,13,845.372531257822,13,13,872.932496987072,13,13,492.069069795968,13,13,601.80671977565,13,13,564.49888700724,13,13
756.629098601033,13,14,971.947312164134,13,14,1009.01802025464,13,14,971.530095844889,13,14,719.736564747315,13,14,970.622471310349,13,14,888.01418588259,13,14,1017.28445853276,13,14,1015.2950805012,13,14,972.892986888371,13,14,1004.49592763518,13,14,925.65263663637,13,14,938.981959151393,13,14,628.652786964596,13,14,731.452141656919,13,14,702.284214765467,13,14
841.976748169682,13,15,990.673588002764,13,15,1015.2173923595,13,15,993.032026502266,13,15,813.620759355585,13,15,995.037880466111,13,15,947.098103923363,13,15,1022.70626455209,13,15,1022.0058330963,13,15,999.837366693074,13,15,1016.75690458733,13,15,967.010724611349,13,15,970.345146210194,13,15,737.008501716256,13,15,826.902049018108,13,15,797.912646515605,13,15
274.805773905548,14,0,196.590052079004,14,0,120.197464250719,14,0,332.661349251295,14,0,104.697970479429,14,0,31.5670777511776,14,0,123.479803047025,14,0,249.270837549603,14,0,228.969154503699,14,0,334.173371625057,14,0,202.174021457118,14,0,182.190948565339,14,0,169.283457112876,14,0,306.434962592057,14,0,178.860576204008,14,0,45.7139721480143,14,0
293.29714634681,14,1,213.472394397975,14,1,133.785281542593,14,1,352.105181284165,14,1,82.3001536503548,14,1,48.2646424291616,14,1,141.852445201805,14,1,267.103556655363,14,1,245.714112011584,14,1,352.585297259076,14,1,224.235071306764,14,1,200.98936744853,14,1,190.597440243207,14,1,285.153363432957,14,1,198.606052696263,14,1,63.433967553905,14,1
294.388765949248,14,2,220.522285377938,14,2,132.50341942227,14,2,350.592571325788,14,2,75.6224671826665,14,2,59.3445538986791,14,2,144.523540268936,14,2,258.850683965521,14,2,242.746297802719,14,2,355.295792469824,14,2,221.790761502572,14,2,199.56105472462,14,2,188.925059091306,14,2,286.043922132733,14,2,206.250716257837,14,2,67.9847889256868,14,2
310.404046176546,14,3,231.326016982508,14,3,139.354793231364,14,3,362.974597966589,14,3,68.6038743783933,14,3,73.5573292540724,14,3,162.333982838256,14,3,256.036739526791,14,3,245.719768125335,14,3,373.188649544504,14,3,232.097142673548,14,3,217.60506740014,14,3,201.001021710679,14,3,265.845284990337,14,3,224.928389229624,14,3,85.3155201503594,14,3
289.441432893156,14,4,203.204703818663,14,4,111.690842194604,14,4,321.815064037696,14,4,79.8600033387891,14,4,52.208167681513,14,4,142.909150772096,14,4,165.868374004523,14,4,171.928925348385,14,4,341.219274396021,14,4,187.924044029763,14,4,184.139592443816,14,4,171.685014228091,14,4,282.464499312612,14,4,207.063176304878,14,4,74.9223852628422,14,4
308.831814585133,14,5,198.439467994686,14,5,102.477110690725,14,5,305.371197544289,14,5,71.5137120637026,14,5,48.4333846387015,14,5,153.144544594733,14,5,139.172909951439,14,5,135.393557252148,14,5,336.505973304687,14,5,160.662166958177,14,5,187.196242152678,14,5,171.314670948391,14,5,262.803844697696,14,5,222.899053878549,14,5,90.5355817852354,14,5
296.253881221046,14,6,163.438724170398,14,6,131.379166163141,14,6,249.500430965966,14,6,73.683894623134,14,6,42.3977016625274,14,6,144.254319731292,14,6,205.286678662166,14,6,157.135034947037,14,6,270.300476250602,14,6,110.681376374347,14,6,157.479236160604,14,6,137.81129688578,14,6,250.76466273303,14,6,212.993982456505,14,6,94.0924519371814,14,6
292.688283294276,14,7,114.129750934571,14,7,256.969870617421,14,7,203.129031065043,14,7,71.0310726202723,14,7,56.3163331281137,14,7,145.886676622896,14,7,340.397355036538,14,7,287.231466713485,14,7,220.024722492574,14,7,168.931722025232,14,7,129.520195847509,14,7,120.602595164581,14,7,232.414457387377,14,7,215.234698268509,14,7,108.030613919124,14,7
207.784575191442,14,8,267.82988231714,14,8,491.55393859535,14,8,263.893768548325,14,8,109.288047631665,14,8,202.489991130162,14,8,92.988757490468,14,8,536.198646917745,14,8,497.886415691558,14,8,222.398723634892,14,8,359.126257407623,14,8,129.793673946726,14,8,160.40216983027,14,8,267.438405313856,14,8,139.116024834405,14,8,56.3146193398476,14,8
157.26951691834,14,9,392.158039140861,14,9,620.896195608888,14,9,378.472098790983,14,9,120.433256890986,14,9,326.567327574767,14,9,151.552719601109,14,9,662.745165657562,14,9,624.276877914173,14,9,344.842065308952,14,9,490.106600525278,14,9,241.352744743138,14,9,277.243393153872,14,9,251.404731189994,14,9,121.436394606055,14,9,61.9704847024332,14,9
159.139483603458,14,10,548.044482057719,14,10,766.517905063713,14,10,519.566353643569,14,10,165.974179899047,14,10,482.528464527288,14,10,281.983798678079,14,10,797.735614682466,14,10,763.356460137951,14,10,482.620155149366,14,10,637.070255940241,14,10,393.470403733868,14,10,427.677091064816,14,10,255.622722631831,14,10,120.734822216502,14,10,98.7401171582259,14,10
280.572155996899,14,11,665.702248841263,14,11,863.686277360451,14,11,640.594976327833,14,11,231.406806273299,14,11,612.554847435454,14,11,402.425045301672,14,11,885.560699561591,14,11,860.17018460867,14,11,601.494708199351,14,11,753.701294433277,14,11,514.978139215761,14,11,550.002703604689,14,11,253.418703302518,14,11,232.68346414455,14,11,187.152106702748,14,11
434.391449237895,14,12,817.057342353187,14,12,950.905520957016,14,12,790.029300672993,14,12,384.567243418472,14,12,780.076936231691,14,12,579.007097635366,14,12,963.863573247247,14,12,952.563235900831,14,12,762.571488291541,14,12,890.111168015397,14,12,678.700468219235,14,12,717.273224545314,14,12,324.555928376107,14,12,398.522313681998,14,12,350.691990147625,14,12
544.987290080567,14,13,892.629469184721,14,13,981.06974071645,14,13,874.696308312807,14,13,499.625249662272,14,13,867.592699652229,14,13,695.617136631044,14,13,991.169802216195,14,13,984.76256826634,14,13,858.604584081544,14,13,948.772199948364,14,13,780.902400662139,14,13,814.544200441905,14,13,401.31939439585,14,13,520.562637714441,14,13,465.226471874345,14,13
675.544943844005,14,14,950.918994935579,14,14,1000.65852938525,14,14,943.011362640264,14,14,638.074973717648,14,14,940.975612897323,14,14,820.980853116574,14,14,1008.70127769446,14,14,1006.20950408488,14,14,939.956277420193,14,14,988.587687999677,14,14,879.321438259672,14,14,901.850056004472,14,14,530.741241022781,14,14,651.380378822915,14,14,610.646392148361,14,14
777.62354112481,14,15,977.901502021349,14,15,1010.24019127807,14,15,977.473715783429,14,15,745.327685357588,14,15,977.719533743759,14,15,900.359806130768,14,15,1017.25701982293,14,15,1016.57419867158,14,15,979.630160536634,14,15,1007.26855836483,14,15,936.678427854374,14,15,947.913866475074,14,15,645.881753432098,14,15,748.341943705218,14,15,719.518807083752,14,15
292.9578885774,15,0,222.305357040541,15,0,133.795317811915,15,0,357.869697320988,15,0,85.9394370434898,15,0,39.4356054922674,15,0,124.99996197295,15,0,280.734588901944,15,0,253.658245128097,15,0,359.93635894464,15,0,227.314795483475,15,0,213.636159477258,15,0,189.644403842935,15,0,293.894636372671,15,0,218.162814575618,15,0,70.5728111367817,15,0
311.583270891277,15,1,240.973641208919,15,1,149.33648892805,15,1,380.148715774562,15,1,64.360990916612,15,1,55.9874477331049,15,1,146.278182831505,15,1,295.081385794605,15,1,273.785265287498,15,1,380.551805096321,15,1,247.657352826575,15,1,232.249695848265,15,1,210.337825148685,15,1,274.111181544083,15,1,238.546532242075,15,1,89.6927808923069,15,1
317.628937931233,15,2,238.330502171153,15,2,149.059720738496,15,2,381.019630331325,15,2,64.3826514177648,15,2,63.9772335868923,15,2,149.976660318824,15,2,288.305099271486,15,2,271.993105999057,15,2,384.003181283663,15,2,247.699392697444,15,2,237.528919838582,15,2,212.824057073673,15,2,265.037402748111,15,2,237.316899550103,15,2,99.4982994527894,15,2
335.948689030681,15,3,250.023176776016,15,3,159.064553716166,15,3,392.718723039455,15,3,55.7582513931871,15,3,76.5454844071706,15,3,169.538901168721,15,3,288.553419058439,15,3,277.011835051079,15,3,399.662210969356,15,3,259.330260586567,15,3,247.375861257152,15,3,227.682524847328,15,3,245.198326505358,15,3,252.76084597467,15,3,120.618367169236,15,3
313.686971237251,15,4,223.577226730493,15,4,133.260934038171,15,4,359.11746501584,15,4,67.676305013863,15,4,60.8518040528362,15,4,153.69097496597,15,4,213.022036774998,15,4,213.187386013394,15,4,370.47717884547,15,4,219.403283406317,15,4,216.27242565404,15,4,198.197748338934,15,4,261.904870112703,15,4,233.611160215418,15,4,99.6280027966272,15,4
322.490008115424,15,5,220.299456545727,15,5,124.306824099729,15,5,341.507044479511,15,5,60.8710663643805,15,5,73.3224703090174,15,5,169.711351400498,15,5,170.919699835312,15,5,173.887229113963,15,5,366.491318518256,15,5,200.365759835861,15,5,219.811020241798,15,5,198.443425095774,15,5,252.365989129838,15,5,247.824583949043,15,5,115.164992095111,15,5
315.861683006817,15,6,195.172187397902,15,6,104.274485991657,15,6,280.865469052891,15,6,59.3879444814717,15,6,62.9381931424033,15,6,167.391424543879,15,6,157.696322878174,15,6,125.931815358227,15,6,317.805279627703,15,6,145.874140486107,15,6,199.11823187486,15,6,172.899835685718,15,6,248.308079236032,15,6,242.351393639084,15,6,116.011252806842,15,6
326.874330144673,15,7,159.828213081355,15,7,210.673571841547,15,7,240.540118892143,15,7,65.52270918842,15,7,62.028578412818,15,7,172.006847079695,15,7,290.892680248112,15,7,242.802820746645,15,7,253.767029373449,15,7,120.456736906644,15,7,167.916335570409,15,7,151.573944019101,15,7,233.606331582168,15,7,245.396296005389,15,7,126.394006204117,15,7
248.996892739482,15,8,218.946880377638,15,8,431.615086380621,15,8,219.200229484536,15,8,93.6986313614568,15,8,149.75595548867,15,8,111.583480296023,15,8,480.856508333362,15,8,445.950483673691,15,8,185.083590821275,15,8,306.323818876188,15,8,88.1204674556714,15,8,116.966319077935,15,8,268.550291486166,15,8,170.241411517893,15,8,86.3500273336898,15,8
207.643137842339,15,9,334.712751045778,15,9,562.419589248474,15,9,332.53816382427,15,9,96.3133849387992,15,9,268.664760557049,15,9,112.662639919414,15,9,609.029196319505,15,9,570.203287911986,15,9,297.852840379046,15,9,435.519104566094,15,9,196.356813641855,15,9,229.935920700627,15,9,254.918589181783,15,9,155.010312155284,15,9,80.0424938210993,15,9
132.27981792685,15,10,488.174885236533,15,10,713.059154830854,15,10,465.279612436384,15,10,130.22914483372,15,10,423.948480426036,15,10,227.718966181215,15,10,745.713875898803,15,10,710.846973190786,15,10,431.702510126217,15,10,581.536845887617,15,10,329.215666504711,15,10,373.752077533938,15,10,254.198509183248,15,10,110.747449457845,15,10,68.0465622286824,15,10
228.824611139674,15,11,611.805425697499,15,11,820.476493955917,15,11,584.526528305904,15,11,185.133494019738,15,11,549.77294054365,15,11,347.519977641506,15,11,846.115607186847,15,11,817.547290596386,15,11,546.658296030109,15,11,698.825166539161,15,11,455.756682779802,15,11,494.653545001078,15,11,248.340983566222,15,11,187.585786026485,15,11,140.728875683274,15,11
383.77979246157,15,12,769.038271176701,15,12,929.163206132148,15,12,735.781496613137,15,12,323.745756894974,15,12,726.241788040062,15,12,512.061252325393,15,12,942.676681564471,15,12,927.429600636388,15,12,702.692853275516,15,12,851.205251772693,15,12,626.129082357127,15,12,658.462061006647,15,12,300.044585066583,15,12,350.254877215023,15,12,296.410396566154,15,12
490.245995484517,15,13,855.188931967048,15,13,968.190034394529,15,13,831.931711363956,15,13,439.721772401847,15,13,825.103743349226,15,13,627.004459855879,15,13,978.503936120432,15,13,970.65581313663,15,13,808.06697657475,15,13,922.936646405612,15,13,725.9265345892,15,13,764.452125816174,15,13,357.594509178751,15,13,458.045654956133,15,13,409.716939253452,15,13
616.253344445512,15,14,927.302270421027,15,14,994.027323427875,15,14,916.901931977651,15,14,575.849061328191,15,14,913.484545731504,15,14,759.769810039029,15,14,1001.95750299234,15,14,998.164825879967,15,14,908.699102172528,15,14,974.657641854196,15,14,838.198759689023,15,14,864.674773597998,15,14,478.838832957206,15,14,590.98690223199,15,14,542.982304732703,15,14
719.294238151459,15,15,964.027724910044,15,15,1005.54801252846,15,15,961.034732127236,15,15,684.967046537275,15,15,960.299910955329,15,15,852.337079986889,15,15,1012.4540850937,15,15,1011.33303944829,15,15,959.527649766576,15,15,998.480069419041,15,15,907.674390878254,15,15,923.495821670484,15,15,592.698908518141,15,15,695.883597213243,15,15,661.331430913458,15,15
