420.557092187175,0,0,404.01502156392,0,0,492.533228486088,0,0,344.335939684657,0,0,637.911298167026,0,0,509.194379775626,0,0,480.947328452245,0,0,357.262129961333,0,0,403.92660634475,0,0,313.178818241318,0,0,351.662023189426,0,0,440.327609496459,0,0,441.732488382854,0,0,635.420536042166,0,0,419.367572475686,0,0,486.191199522083,0,0
401.416215459596,0,1,385.925240161025,0,1,468.807894060558,0,1,328.19704769176,0,1,618.592545049191,0,1,492.058484114055,0,1,457.768487920147,0,1,339.642314535876,0,1,384.730268095659,0,1,290.974793083261,0,1,333.38420553383,0,1,420.266394040146,0,1,418.688996511869,0,1,613.040003494847,0,1,402.530349248329,0,1,465.581324831635,0,1
398.253949736065,0,2,378.577682566334,0,2,459.466057492699,0,2,321.376929078295,0,2,609.19938208465,0,2,485.67669752361,0,2,447.657999458086,0,2,333.096897085247,0,2,375.995455661712,0,2,285.667689024486,0,2,327.139596258807,0,2,413.829182103468,0,2,409.52967486415,0,2,605.466112297896,0,2,390.977768063973,0,2,457.782718283126,0,2
379.988225853047,0,3,359.850914445195,0,3,441.430216579288,0,3,305.053562674101,0,3,585.179634773253,0,3,466.183627470448,0,3,425.154654848297,0,3,316.859585313113,0,3,358.077427184005,0,3,268.861211026691,0,3,312.290902200922,0,3,399.812701315382,0,3,391.924202866359,0,3,585.672903135356,0,3,371.825761113592,0,3,433.494039207875,0,3
394.217399622224,0,4,373.951670348061,0,4,452.439642712209,0,4,319.998664600694,0,4,604.150131575207,0,4,469.630646519644,0,4,438.580928692615,0,4,333.748842033273,0,4,373.204152325854,0,4,282.88893390093,0,4,328.765284469693,0,4,406.302944418268,0,4,404.988599116041,0,4,591.796393038994,0,4,389.932506458946,0,4,447.610002682159,0,4
377.993282568568,0,5,358.979240156751,0,5,435.93275497966,0,5,307.895130539575,0,5,586.491863428966,0,5,454.08906805333,0,5,418.6568253843,0,5,323.937253105588,0,5,360.252221917032,0,5,266.572650027748,0,5,316.773696703075,0,5,387.183815577764,0,5,389.863520926577,0,5,573.751645098147,0,5,371.981273359534,0,5,429.517793580152,0,5
371.160052147321,0,6,361.759219028494,0,6,433.305011196979,0,6,304.689351419347,0,6,574.881036418133,0,6,451.556084420819,0,6,415.35733435136,0,6,324.100058712434,0,6,360.88747346527,0,6,266.626051687236,0,6,318.57669794024,0,6,380.91422686978,0,6,386.710689719164,0,6,567.64086090383,0,6,369.20714982974,0,6,424.539931959209,0,6
359.442562848482,0,7,356.711640381219,0,7,421.645410747738,0,7,295.258507029412,0,7,557.78396738426,0,7,444.016406672965,0,7,398.442799346941,0,7,321.170117634081,0,7,354.598057034896,0,7,259.522403877961,0,7,310.851382895476,0,7,372.108749003081,0,7,375.342571186434,0,7,546.574761427222,0,7,353.29703737278,0,7,407.383277672349,0,7
389.619431783361,0,8,396.380607715009,0,8,459.220031088849,0,8,328.359466211085,0,8,582.906623114085,0,8,473.045551158609,0,8,434.192744435071,0,8,374.255702292436,0,8,406.24931770197,0,8,298.029527349596,0,8,357.56661207001,0,8,403.171186765389,0,8,403.974668569271,0,8,570.450426512424,0,8,382.759108689916,0,8,439.71239554347,0,8
377.044618248364,0,9,397.927845136667,0,9,471.306743235695,0,9,328.156258953107,0,9,564.055561391892,0,9,467.79569309711,0,9,421.713302454023,0,9,406.703480896645,0,9,429.186465717932,0,9,302.485884713763,0,9,373.994579562165,0,9,397.060400609354,0,9,396.977818968242,0,9,547.887070280541,0,9,369.654678148911,0,9,423.993734319642,0,9
377.369095937161,0,10,426.223692871434,0,10,525.110832176246,0,10,352.380011210727,0,10,558.544713024044,0,10,476.24849001781,0,10,420.351182740796,0,10,482.412869403686,0,10,498.488891978493,0,10,345.767168998167,0,10,433.599308095703,0,10,404.479547339364,0,10,406.132553322478,0,10,538.677571047293,0,10,372.369211257368,0,10,425.944976997909,0,10
374.308182696286,0,11,471.853417931676,0,11,584.951130660239,0,11,395.524049764253,0,11,542.538164867381,0,11,494.445068932356,0,11,422.181822939223,0,11,558.868438261252,0,11,569.434700818978,0,11,409.360755735987,0,11,505.023559434127,0,11,417.68773671583,0,11,419.285675100996,0,11,528.464986891106,0,11,366.45286930203,0,11,417.756180227744,0,11
404.731548487049,0,12,568.119430393272,0,12,656.220603312495,0,12,494.876594038627,0,12,552.371065339703,0,12,568.488593939008,0,12,468.549287500717,0,12,644.558294649134,0,12,650.452765920547,0,12,529.652456870227,0,12,605.334070471232,0,12,483.644835267887,0,12,483.630384616841,0,12,536.21487162615,0,12,397.625731408547,0,12,444.938238820939,0,12
433.200833868942,0,13,625.20788694049,0,13,685.684800577898,0,13,569.03429107338,0,13,541.180534694385,0,13,623.464178262561,0,13,514.729807802164,0,13,679.746617813393,0,13,685.717270037962,0,13,603.642457677602,0,13,657.111815541757,0,13,544.634077684047,0,13,545.201012191074,0,13,530.170811789383,0,13,424.60468661068,0,13,470.03715984616,0,13
501.891280123494,0,14,670.363349636836,0,14,704.446047465296,0,14,636.281354361808,0,14,551.066179729284,0,14,672.002836993032,0,14,587.541507489597,0,14,702.87504529276,0,14,708.396349407423,0,14,665.195636558817,0,14,692.555611935116,0,14,616.991924197304,0,14,614.051176939789,0,14,546.910185370055,0,14,488.230973833795,0,14,532.800819510564,0,14
564.419443265859,0,15,692.567947597227,0,15,712.97080006319,0,15,673.836346443335,0,15,575.033580881927,0,15,697.088291516402,0,15,640.051520718828,0,15,713.48820431117,0,15,718.961984160408,0,15,696.181821837437,0,15,709.329170202284,0,15,662.244720026473,0,15,658.88728952392,0,15,577.437248667197,0,15,555.625294612988,0,15,592.767508779177,0,15
382.499530001108,1,0,373.393079980969,1,0,447.617554923986,1,0,305.830290649655,1,0,594.348864272371,1,0,473.202692536365,1,0,437.618868304516,1,0,323.858249869874,1,0,370.030589018402,1,0,278.802561239104,1,0,313.091355413605,1,0,393.726304193735,1,0,402.776433800781,1,0,590.32839853556,1,0,381.664879726299,1,0,445.856458195767,1,0
360.161587131746,1,1,354.718644872284,1,1,428.114187398952,1,1,287.705365462549,1,1,579.768425623847,1,1,456.840194352097,1,1,420.824541318761,1,1,302.040359775262,1,1,348.731193351388,1,1,253.351628050799,1,1,294.972498241142,1,1,379.84597051974,1,1,381.583590791534,1,1,564.361081104872,1,1,362.18910953193,1,1,424.675917058569,1,1
352.400305840722,1,2,343.018690424401,1,2,421.959526003948,1,2,282.488655808868,1,2,564.269147786797,1,2,454.25012984745,1,2,406.272544794067,1,2,293.38130059071,1,2,339.362934101548,1,2,246.651720742256,1,2,285.967619049634,1,2,368.993967798153,1,2,375.851738308467,1,2,558.071369276953,1,2,356.931328066363,1,2,415.642431938284,1,2
333.302276418785,1,3,326.54931305095,1,3,400.055361260972,1,3,261.787188553754,1,3,549.091386695958,1,3,429.223140175129,1,3,393.700500885296,1,3,276.377903055294,1,3,319.789028417647,1,3,225.923405234075,1,3,268.914678945783,1,3,348.275525155435,1,3,357.371770560892,1,3,541.646700389166,1,3,334.146402029374,1,3,398.060413712838,1,3
308.585898916535,1,4,338.979799756454,1,4,413.031734021621,1,4,278.969386129176,1,4,556.749970042967,1,4,438.533552494412,1,4,403.16948659206,1,4,295.301711459135,1,4,337.800112285854,1,4,242.988131090578,1,4,282.720278133401,1,4,366.589851046255,1,4,373.539144509846,1,4,551.299305631894,1,4,344.502830467734,1,4,414.064054258207,1,4
285.619987176359,1,5,322.288821309925,1,5,397.055816751649,1,5,261.841659819663,1,5,540.274887047518,1,5,427.914308148545,1,5,387.14457040754,1,5,280.329305468915,1,5,323.736091305229,1,5,225.306159646001,1,5,270.707990609203,1,5,349.109278507825,1,5,355.048558624305,1,5,531.382761250049,1,5,333.287299459703,1,5,394.280413575647,1,5
298.60738181199,1,6,317.418063471026,1,6,392.863317902256,1,6,259.792136982988,1,6,532.976393527205,1,6,421.527225080833,1,6,382.045138929783,1,6,280.242785218638,1,6,322.176799216578,1,6,222.16301768487,1,6,268.830253759339,1,6,341.173290618234,1,6,352.14896482406,1,6,530.219169765577,1,6,324.059285742249,1,6,388.061132207038,1,6
305.947414613784,1,7,308.871612636707,1,7,380.876618399208,1,7,248.533904115975,1,7,513.134637203495,1,7,407.224813453976,1,7,368.312522334903,1,7,273.969757024324,1,7,314.04280768554,1,7,211.673068572627,1,7,259.003777833823,1,7,329.665040948353,1,7,338.721441730358,1,7,513.76387486614,1,7,311.092156250734,1,7,372.960869794662,1,7
307.693388663351,1,8,346.126186850591,1,8,416.261365208078,1,8,282.099229305553,1,8,543.206443511907,1,8,433.34713851112,1,8,398.980552235787,1,8,315.945294425186,1,8,353.82112001851,1,8,245.654335928746,1,8,301.2506353041,1,8,360.094167156108,1,8,371.143646500934,1,8,537.242387495564,1,8,339.038570187178,1,8,403.718759117105,1,8
295.723269344071,1,9,342.732682467549,1,9,414.88778115289,1,9,280.311668797732,1,9,532.21451791065,1,9,423.907202353269,1,9,381.524616406456,1,9,323.699823657818,1,9,357.088224914082,1,9,243.089068136216,1,9,305.279834394196,1,9,350.153283078242,1,9,360.16989042283,1,9,513.139104047062,1,9,327.545089439587,1,9,386.032020060399,1,9
294.693557499834,1,10,353.01157559028,1,10,436.543542411123,1,10,290.888176857373,1,10,522.578695932008,1,10,425.858435634189,1,10,379.370545007037,1,10,366.143702858506,1,10,391.374908923821,1,10,259.956443408156,1,10,330.472432219111,1,10,352.846067404604,1,10,360.932954940678,1,10,507.37108870144,1,10,328.986461929313,1,10,382.585794551179,1,10
289.643412655154,1,11,370.622856471024,1,11,475.706321406544,1,11,301.857015364687,1,11,507.198648082383,1,11,426.809243882675,1,11,372.95659654943,1,11,427.934482298977,1,11,445.533429875172,1,11,286.857405837148,1,11,373.820053444155,1,11,351.565569223195,1,11,359.901896981497,1,11,512.322608185863,1,11,325.239061444617,1,11,372.668923315342,1,11
312.087596365114,1,12,444.953766753975,1,12,567.624046590118,1,12,369.423365417323,1,12,516.296958470014,1,12,470.180208312124,1,12,394.011547921014,1,12,540.362817043021,1,12,551.24851408721,1,12,383.256669747928,1,12,480.510537024483,1,12,389.312120639668,1,12,399.472302896125,1,12,520.475686696854,1,12,344.723196272322,1,12,390.070340333707,1,12
321.707675608359,1,13,514.078277856716,1,13,625.431521714633,1,13,434.250651684494,1,13,505.259604395454,1,13,516.622262245347,1,13,414.804392050073,1,13,609.533096007755,1,13,615.509770545854,1,13,468.955797564976,1,13,559.11648267789,1,13,424.049392397905,1,13,433.470157794319,1,13,491.04835414695,1,13,344.206063836809,1,13,393.187003071185,1,13
367.962324422884,1,14,592.245356888806,1,14,671.957212459393,1,14,527.137860634299,1,14,510.661358410745,1,14,588.174548358205,1,14,469.182690548629,1,14,664.537364309762,1,14,668.842903820991,1,14,563.920185064138,1,14,632.435294954305,1,14,498.455715794286,1,14,503.566362569906,1,14,488.502452372937,1,14,377.276872007357,1,14,427.172528131659,1,14
430.656917222858,1,15,641.641595096651,1,15,694.393536947503,1,15,595.774496874122,1,15,509.421167530694,1,15,641.297833866565,1,15,532.927371861463,1,15,692.096764343592,1,15,695.563963406563,1,15,629.709465835491,1,15,673.470943282461,1,15,566.316750323594,1,15,568.736645761433,1,15,498.061137994664,1,15,430.982358617539,1,15,475.720501688695,1,15
319.463371237806,2,0,312.026041630119,2,0,389.843500903697,2,0,243.100748482884,2,0,534.992098406016,2,0,407.812398598168,2,0,386.395506296705,2,0,264.257729555368,2,0,305.714735523361,2,0,219.591429482897,2,0,249.941639260792,2,0,333.017420214289,2,0,341.713047227448,2,0,525.656767937796,2,0,319.354868885044,2,0,379.956537705568,2,0
301.150576513911,2,1,294.040417312941,2,1,372.634423438519,2,1,221.8353434806,2,1,516.571858784647,2,1,403.008275093373,2,1,362.929045886955,2,1,245.624154348474,2,1,286.243063207322,2,1,199.681920243862,2,1,230.222038898678,2,1,314.279840910894,2,1,321.081519444376,2,1,505.370346196824,2,1,300.659224141493,2,1,355.90795350649,2,1
292.417927222565,2,2,289.358533905144,2,2,364.317896680379,2,2,216.818272279791,2,2,510.152579641333,2,2,392.985272954948,2,2,356.233173827561,2,2,238.478470599149,2,2,279.730980345206,2,2,187.981915728326,2,2,225.974376570807,2,2,304.169250023457,2,2,313.35826285272,2,2,497.925426920041,2,2,285.329385379057,2,2,350.952330007987,2,2
274.318631673303,2,3,265.68283805693,2,3,345.676437188682,2,3,199.717770527492,2,3,491.41568577775,2,3,372.627555336423,2,3,337.785359135093,2,3,224.953183650563,2,3,261.086616676805,2,3,170.059237748731,2,3,208.786017519115,2,3,287.460272135036,2,3,296.405946155723,2,3,476.439672651013,2,3,269.258814648095,2,3,333.125607807908,2,3
291.375455382509,2,4,279.96934535436,2,4,359.82944377607,2,4,214.16085564926,2,4,508.206897289214,2,4,386.123326470514,2,4,347.073769004101,2,4,239.291335629749,2,4,275.139668124363,2,4,187.973207357144,2,4,222.778098278282,2,4,304.170078193467,2,4,309.794923847844,2,4,490.312537036225,2,4,288.044187358414,2,4,343.435617689382,2,4
272.69117580498,2,5,263.387001509099,2,5,344.290286243287,2,5,199.574086511363,2,5,483.751655945084,2,5,357.025572900188,2,5,332.614799321649,2,5,226.144425685354,2,5,258.417345276075,2,5,172.187898282764,2,5,210.893997446932,2,5,288.164481874398,2,5,291.73425412287,2,5,472.539738326061,2,5,266.604385979889,2,5,325.383698067944,2,5
268.254198005082,2,6,262.009705213323,2,6,339.81350993418,2,6,198.087064544215,2,6,478.130463437575,2,6,348.684247429181,2,6,327.381660960962,2,6,222.871625487047,2,6,259.950229974822,2,6,168.281328036955,2,6,209.733387158716,2,6,282.2915367521,2,6,286.374224542814,2,6,465.671119448716,2,6,254.53605212554,2,6,319.780715552192,2,6
250.372342658225,2,7,248.853801172073,2,7,328.925823396053,2,7,184.505455955252,2,7,462.398248326108,2,7,333.098026530063,2,7,306.742981073057,2,7,213.032500915478,2,7,249.716504491227,2,7,157.383497423081,2,7,198.964439483937,2,7,267.899122140524,2,7,274.843683242884,2,7,452.45584630057,2,7,240.904338783338,2,7,303.840078586485,2,7
281.412962298679,2,8,285.334708588576,2,8,356.082156922055,2,8,217.380994541395,2,8,489.35787024391,2,8,360.073882091115,2,8,341.901146640273,2,8,252.641283434321,2,8,287.04881591274,2,8,186.121847714966,2,8,239.307944520094,2,8,296.129410932986,2,8,307.130387386748,2,8,481.695921045426,2,8,272.816955430848,2,8,340.360559176773,2,8
273.546984254594,2,9,275.161306590886,2,9,347.795210265192,2,9,208.161670951295,2,9,467.871324971405,2,9,347.877948860986,2,9,328.885174365093,2,9,249.230786023248,2,9,282.722571240908,2,9,174.643019800015,2,9,234.645317031661,2,9,286.969277225778,2,9,297.61112674596,2,9,457.842455976975,2,9,265.318923559903,2,9,324.53856865538,2,9
269.039646492145,2,10,283.455956841835,2,10,355.037109067896,2,10,213.764460997699,2,10,460.441941705808,2,10,353.032263612361,2,10,327.835983949145,2,10,266.918543613241,2,10,297.132452814404,2,10,184.27525175915,2,10,246.171686550165,2,10,284.608371412243,2,10,299.270179044617,2,10,452.508458484141,2,10,262.00960597521,2,10,322.938736398243,2,10
259.405621133913,2,11,287.182976473714,2,11,368.079058477082,2,11,217.361235378278,2,11,450.803032011594,2,11,346.708633363654,2,11,316.718801905303,2,11,291.787900546691,2,11,319.668590631962,2,11,189.635947263856,2,11,260.160812584216,2,11,278.667905548777,2,11,293.983179227068,2,11,434.848466209513,2,11,256.883322040412,2,11,308.570153419573,2,11
277.080242140989,2,12,328.263074643677,2,12,432.286595736859,2,12,254.933541210293,2,12,461.063904521764,2,12,375.333152688767,2,12,332.146145716631,2,12,381.864389819387,2,12,401.068247213208,2,12,240.16460564678,2,12,328.287084973809,2,12,303.51153117141,2,12,317.396853091606,2,12,444.401748237549,2,12,272.221882851173,2,12,319.487422810883,2,12
273.947211443938,2,13,370.991194263719,2,13,497.726406724548,2,13,288.667059974845,2,13,449.466825868316,2,13,398.723899739528,2,13,333.710034683863,2,13,462.993367051477,2,13,475.93203396059,2,13,292.252033548713,2,13,398.102587198447,2,13,316.741929471859,2,13,325.551382532143,2,13,430.471667305133,2,13,268.392299546119,2,13,316.89989579161,2,13
292.629884192615,2,14,451.838856482177,2,14,580.592771820409,2,14,363.459543569134,2,14,448.498179804431,2,14,453.750105940305,2,14,354.881048635407,2,14,555.888000281031,2,14,564.16664506263,2,14,391.522421519372,2,14,495.013768794473,2,14,360.674519831196,2,14,367.951689001715,2,14,430.43440137196,2,14,282.21765929501,2,14,330.905758673211,2,14
312.303961566804,2,15,527.39272920663,2,15,635.541131637877,2,15,444.520349999748,2,15,445.521771033935,2,15,516.942111644529,2,15,393.244159790266,2,15,619.8075196595,2,15,626.274826929873,2,15,480.920394100175,2,15,572.44980295402,2,15,417.270503538512,2,15,421.56783162656,2,15,424.101810238758,2,15,303.633691581354,2,15,346.055952297145,2,15
280.2752219791,3,0,273.617335403553,3,0,357.095136379949,3,0,205.497778472564,3,0,503.506026711065,3,0,377.832936775364,3,0,350.098968178853,3,0,231.011824954831,3,0,271.289409468072,3,0,183.50186805431,3,0,212.411493613914,3,0,293.321898509153,3,0,301.075940068475,3,0,487.066112944242,3,0,275.579453654418,3,0,336.584090633991,3,0
221.263449880944,3,1,252.676483258282,3,1,336.428783989109,3,1,191.904296842855,3,1,476.657479538536,3,1,361.093948536405,3,1,330.334431503001,3,1,212.408401960616,3,1,250.200148083715,3,1,161.882705545446,3,1,194.142590480318,3,1,275.319428980157,3,1,279.86095335443,3,1,468.855141400918,3,1,256.612197738044,3,1,312.127385987467,3,1
246.296291270579,3,2,248.698259629858,3,2,329.788340558318,3,2,183.485132104784,3,2,474.774220828107,3,2,350.35337529405,3,2,324.692164384164,3,2,205.831849446523,3,2,242.463450075191,3,2,155.433795065313,3,2,186.709666159149,3,2,264.563799866861,3,2,274.719540324982,3,2,459.812097025726,3,2,250.584224539112,3,2,303.577614398873,3,2
242.073341602611,3,3,229.65895632729,3,3,310.497073252507,3,3,170.016606864529,3,3,457.531852236179,3,3,320.817962672079,3,3,304.660698662376,3,3,190.737008460755,3,3,221.521010380524,3,3,138.493033950354,3,3,170.623541810839,3,3,249.133805222383,3,3,251.387351882,3,3,438.094567041502,3,3,234.065136139899,3,3,284.969182657858,3,3
257.632743235599,3,4,241.390130733573,3,4,322.354545087494,3,4,181.117901945241,3,4,470.947422886715,3,4,336.95218806627,3,4,315.707683364468,3,4,203.286039810512,3,4,233.740176535797,3,4,150.469681581661,3,4,186.607821411699,3,4,265.82394463255,3,4,268.283516863052,3,4,453.718029290218,3,4,247.981781655432,3,4,300.891158062268,3,4
241.795569822314,3,5,225.926307513869,3,5,302.868061812723,3,5,164.18400557452,3,5,452.942098623482,3,5,318.308404610126,3,5,294.746036883644,3,5,188.379633946916,3,5,220.509953142981,3,5,133.62950691663,3,5,169.698488395346,3,5,249.805082682063,3,5,249.434343082264,3,5,437.773239350112,3,5,228.606978680412,3,5,287.297648697584,3,5
233.57889030095,3,6,224.960125503854,3,6,302.282321548052,3,6,162.765440630223,3,6,439.906129981265,3,6,312.193567165598,3,6,284.608401139991,3,6,185.045460617962,3,6,218.196014155152,3,6,129.422796692061,3,6,168.657256283782,3,6,245.243442852555,3,6,246.595768003016,3,6,426.976381269503,3,6,221.487357080034,3,6,282.578091756475,3,6
219.065481511211,3,7,211.001693763295,3,7,288.291821644071,3,7,147.580850614655,3,7,416.127261496256,3,7,307.849245833606,3,7,273.59217675421,3,7,175.352193754232,3,7,205.803661125828,3,7,119.263899353533,3,7,160.005425648829,3,7,227.27403176756,3,7,233.17882235342,3,7,407.750689164015,3,7,206.255408784123,3,7,261.884980083304,3,7
250.082078129584,3,8,250.734947426817,3,8,321.870809171749,3,8,178.812322278046,3,8,450.132158041402,3,8,337.886155386926,3,8,308.298901978381,3,8,210.34785226992,3,8,243.964960685177,3,8,147.877656017456,3,8,198.349883677552,3,8,260.433920284714,3,8,267.550473366691,3,8,437.209851507788,3,8,237.82114639661,3,8,295.339820509392,3,8
238.016378837168,3,9,241.439631409088,3,9,311.116383408046,3,9,171.273002388528,3,9,439.175534510851,3,9,326.548000490094,3,9,293.308801377466,3,9,206.60643156499,3,9,238.225127837106,3,9,139.832444804405,3,9,189.83146664278,3,9,250.728646861723,3,9,254.397765840386,3,9,422.135631688839,3,9,224.470435962653,3,9,283.263455455352,3,9
201.840345005795,3,10,246.561575858765,3,10,313.534864725913,3,10,176.481929051699,3,10,432.892426773028,3,10,323.75101317136,3,10,289.58477220429,3,10,215.076535638234,3,10,244.930846612352,3,10,141.290548090741,3,10,197.125490341166,3,10,251.283549424043,3,10,255.946862994165,3,10,417.621716778463,3,10,222.72395459021,3,10,280.262552171879,3,10
189.279924173159,3,11,238.573317620206,3,11,313.708472387561,3,11,171.080536196535,3,11,415.550649376572,3,11,314.56830563716,3,11,281.184336289921,3,11,224.830597340781,3,11,251.377081920366,3,11,136.973808812399,3,11,200.532780565866,3,11,241.968048741241,3,11,250.175575305154,3,11,399.950365539217,3,11,208.103336076435,3,11,269.064258640178,3,11
202.753127880707,3,12,267.288898730093,3,12,350.526419254302,3,12,199.089776250881,3,12,424.423120852226,3,12,334.044086341007,3,12,294.045998801877,3,12,281.582585809143,3,12,303.06488517246,3,12,165.699760341694,3,12,244.063740074164,3,12,260.065872201503,3,12,269.569834865664,3,12,408.133156808984,3,12,224.483262637234,3,12,279.713124792729,3,12
201.608674759789,3,13,287.5210000996,3,13,388.473412377417,3,13,211.108266607056,3,13,412.163865001452,3,13,339.334362614715,3,13,286.57662543266,3,13,341.875849552844,3,13,357.794458398534,3,13,189.965626611446,3,13,282.89941282954,3,13,265.796669294595,3,13,269.870426514803,3,13,397.123154892738,3,13,223.133828962586,3,13,270.820632279956,3,13
212.868691900318,3,14,340.576822376655,3,14,469.946223148203,3,14,257.599938503514,3,14,411.811320731413,3,14,366.906402912288,3,14,297.312684680976,3,14,440.895960314665,3,14,448.862085071627,3,14,256.816802565291,3,14,366.820898269745,3,14,283.309058662735,3,14,289.431353461008,3,14,391.645577258937,3,14,231.78710342904,3,14,279.668008873284,3,14
220.791538211037,3,15,410.337743959031,3,15,544.77887301258,3,15,317.906265846224,3,15,406.255347603312,3,15,410.533760589759,3,15,313.140005571347,3,15,523.829124844905,3,15,528.943630787212,3,15,341.291432766893,3,15,454.830907088175,3,15,314.843178640298,3,15,318.938068372825,3,15,385.593936268383,3,15,235.65967650166,3,15,286.216333403566,3,15
155.636114770773,4,0,191.950304591321,4,0,271.17278788932,4,0,122.597310674309,4,0,413.999373164181,4,0,281.976568937377,4,0,264.092192753907,4,0,154.171902672813,4,0,174.675054881656,4,0,102.517112589258,4,0,126.795464902187,4,0,209.380748649011,4,0,210.488864888452,4,0,395.786533686171,4,0,181.577288760025,4,0,251.159212360918,4,0
152.379361259373,4,1,169.30855608118,4,1,249.377786066531,4,1,104.604532586213,4,1,392.250603852939,4,1,268.624832957114,4,1,245.567314237428,4,1,135.719353684899,4,1,155.859374098888,4,1,85.097975804508,4,1,108.939174749393,4,1,188.424768458227,4,1,189.366865110657,4,1,378.397995671553,4,1,163.9507240636,4,1,234.461064388198,4,1
176.950783339693,4,2,165.088450824377,4,2,244.484628328739,4,2,95.3739151169338,4,2,385.546404314608,4,2,262.202816279072,4,2,234.979080437275,4,2,130.73237467553,4,2,150.257575369996,4,2,78.8715897254063,4,2,101.491785921912,4,2,180.475597822116,4,2,180.462587405062,4,2,368.157045814082,4,2,159.112000018557,4,2,225.595167474897,4,2
159.027111905221,4,3,146.975551965626,4,3,224.711475605923,4,3,86.6404138123455,4,3,367.691435375531,4,3,244.551326110542,4,3,220.400451999509,4,3,113.196115904617,4,3,132.163077757782,4,3,65.6637073594447,4,3,84.363886135916,4,3,164.350158197792,4,3,160.476136243271,4,3,347.726416508683,4,3,138.683232372893,4,3,206.349925850662,4,3
170.794847136931,4,4,158.114939254585,4,4,238.506336067056,4,4,98.2905424507096,4,4,382.421361598255,4,4,259.481504344047,4,4,230.920672987571,4,4,128.213178113143,4,4,146.246696994462,4,4,78.143634560458,4,4,97.3341132852947,4,4,179.78763484619,4,4,177.70411672508,4,4,364.628510083376,4,4,149.158457439823,4,4,219.108106829732,4,4
152.1382306296,4,5,142.422761062016,4,5,221.160059202708,4,5,83.7301510306631,4,5,363.524851129319,4,5,240.484751167595,4,5,210.38765301882,4,5,115.182404258361,4,5,130.839942188567,4,5,64.5255213166205,4,5,86.6457236223379,4,5,163.271159367403,4,5,159.860683786508,4,5,347.713669148879,4,5,134.516927500228,4,5,201.360893787545,4,5
148.943269575433,4,6,139.888340586929,4,6,219.488240376665,4,6,83.0998609990536,4,6,357.797851388651,4,6,236.430784902531,4,6,209.272604049355,4,6,113.346540543791,4,6,126.363558237045,4,6,59.5414472084198,4,6,86.0770219504605,4,6,159.227205663665,4,6,158.032564594632,4,6,336.937246598302,4,6,132.210916166572,4,6,192.521340619251,4,6
137.157885744328,4,7,126.807922096266,4,7,206.733934801027,4,7,69.4649823832695,4,7,336.167372126019,4,7,222.641694143715,4,7,190.198263740562,4,7,101.791845121766,4,7,115.23873838705,4,7,45.770521940534,4,7,74.279425725907,4,7,142.74915364533,4,7,142.729920769325,4,7,318.279557923911,4,7,116.059634557447,4,7,177.246825023582,4,7
167.651666906802,4,8,161.797850264758,4,8,234.737326356867,4,8,97.0150053218333,4,8,365.582885763741,4,8,251.345313056188,4,8,224.959296292606,4,8,133.429580461745,4,8,154.958786345007,4,8,73.4886773864436,4,8,112.453136418697,4,8,174.47133740448,4,8,175.797460196468,4,8,352.894841149785,4,8,144.008839180714,4,8,211.901120563711,4,8
160.202865051508,4,9,153.53778518253,4,9,224.408974522664,4,9,86.7454326572925,4,9,349.734632596122,4,9,245.041308492005,4,9,206.770973681667,4,9,126.21479471344,4,9,146.838148028001,4,9,61.0740060393465,4,9,103.841084651774,4,9,162.480577471483,4,9,163.372394081613,4,9,336.007149916632,4,9,129.161807556783,4,9,195.643679487832,4,9
156.323957584628,4,10,155.015835940301,4,10,225.675967687892,4,10,86.5093738410115,4,10,347.490452641507,4,10,239.553529215146,4,10,204.702012704315,4,10,129.955144780881,4,10,151.881739872455,4,10,64.3830329751905,4,10,109.085599876417,4,10,159.82815743224,4,10,166.4234568043,4,10,324.418403402859,4,10,126.97219204037,4,10,194.411856326002,4,10
142.761269694299,4,11,149.265518024671,4,11,222.200143723247,4,11,81.020358778691,4,11,331.226436595118,4,11,233.901348683944,4,11,194.227535333552,4,11,128.924645732714,4,11,151.037417660782,4,11,57.7095350367128,4,11,104.720245182233,4,11,148.710568300094,4,11,156.791652865739,4,11,313.552037615517,4,11,119.443356745178,4,11,182.181448830499,4,11
154.406071848872,4,12,172.158954317387,4,12,242.584115524897,4,12,100.406374455519,4,12,342.413061211222,4,12,248.321407459478,4,12,197.532778829413,4,12,160.553286656708,4,12,186.291900136673,4,12,74.8598835734788,4,12,133.570012073114,4,12,166.805931024753,4,12,176.807685820707,4,12,323.837115466718,4,12,132.617707504276,4,12,193.129506012482,4,12
146.654974858388,4,13,178.489112585746,4,13,256.533870531053,4,13,103.865574781071,4,13,331.881736450554,4,13,244.01956450227,4,13,187.166642188693,4,13,185.358571168808,4,13,207.269092028082,4,13,73.6390390350215,4,13,148.000626688867,4,13,165.430265739435,4,13,175.80738496264,4,13,311.028230785244,4,13,123.900025702511,4,13,186.114394926061,4,13
156.401095146361,4,14,205.393300684292,4,14,298.241201920859,4,14,122.680982463059,4,14,327.406172660548,4,14,256.059314653164,4,14,194.878911955012,4,14,250.864147894153,4,14,268.096290169352,4,14,103.849629140866,4,14,195.816912556995,4,14,177.908833014324,4,14,188.151593988785,4,14,306.817503083155,4,14,128.170896995942,4,14,189.209595898561,4,14
147.83261080506,4,15,240.5049587701,4,15,359.925364883882,4,15,150.226334954359,4,15,322.108012885167,4,15,269.982353331005,4,15,196.113424936174,4,15,332.326944838302,4,15,345.087888042345,4,15,148.877046822631,4,15,260.415618976853,4,15,188.718423769516,4,15,198.169787289704,4,15,294.067151581805,4,15,129.093483548317,4,15,189.050809105093,4,15
163.83725288604,5,0,157.420207351496,5,0,237.348406701494,5,0,96.3892813873871,5,0,371.346434690951,5,0,258.345479609741,5,0,219.846010352832,5,0,128.390899101375,5,0,144.387397279873,5,0,73.3525909863116,5,0,98.5607232650355,5,0,171.735105517631,5,0,177.521714974822,5,0,362.399004561026,5,0,143.921536332721,5,0,214.396346226845,5,0
135.710511346219,5,1,137.476328116496,5,1,222.139025615533,5,1,81.285572741783,5,1,351.474032587708,5,1,236.61706785609,5,1,203.168318473751,5,1,109.286543356628,5,1,125.369999328469,5,1,55.9959018292191,5,1,81.0673210119862,5,1,154.323682854122,5,1,156.359681492352,5,1,343.31604156482,5,1,118.640903006356,5,1,192.832922698446,5,1
95.1715276391994,5,2,128.858601087067,5,2,210.586589601783,5,2,73.3272735207118,5,2,337.64497814204,5,2,216.748738118919,5,2,198.391456912939,5,2,105.718693486896,5,2,118.329398438868,5,2,49.1425965742139,5,2,74.8936379700252,5,2,145.379375437797,5,2,150.851252527182,5,2,338.048174336442,5,2,117.829307813957,5,2,188.241577475208,5,2
111.726010427418,5,3,108.239877501424,5,3,190.752887015827,5,3,63.501956208382,5,3,316.699165079968,5,3,199.568804393542,5,3,178.329899506324,5,3,87.6746608634109,5,3,99.6112242116696,5,3,39.5481512749493,5,3,60.5009183051657,5,3,130.686711649509,5,3,133.166308378633,5,3,317.664410101605,5,3,98.9905946331401,5,3,170.645724851106,5,3
128.846863589251,5,4,123.843148859414,5,4,208.452171451218,5,4,74.5200284151073,5,4,335.394658807681,5,4,214.349698274766,5,4,192.022182037958,5,4,102.760215259782,5,4,113.053487433871,5,4,48.49840998148,5,4,73.5778579103677,5,4,143.846253934725,5,4,149.348933934213,5,4,326.367487923039,5,4,110.798281117188,5,4,182.298450843796,5,4
113.717673623576,5,5,105.597627946975,5,5,194.23642231966,5,5,62.6163358955205,5,5,315.964176154547,5,5,196.349374074452,5,5,171.896706000532,5,5,84.7532925114232,5,5,100.538527350369,5,5,37.7603690755018,5,5,62.2462903448363,5,5,128.502817342779,5,5,132.963206821883,5,5,315.326844863241,5,5,98.5429798802427,5,5,167.830116162975,5,5
108.847257264427,5,6,102.491870908682,5,6,188.266684069829,5,6,59.3106314067583,5,6,308.905873434273,5,6,199.038111493636,5,6,165.719657961599,5,6,82.7010556516799,5,6,95.5904167470519,5,6,34.2935837226928,5,6,57.0640531019892,5,6,124.385731275273,5,6,128.260042430916,5,6,305.142844850899,5,6,89.0316445056925,5,6,155.765726682903,5,6
98.1366422476454,5,7,87.3850865169269,5,7,171.174876834583,5,7,49.1616943282645,5,7,295.87176222444,5,7,180.400780372201,5,7,146.674989545732,5,7,70.4763067392714,5,7,82.7493274330126,5,7,35.2696469861811,5,7,47.9990229833427,5,7,112.74792010854,5,7,113.214377595894,5,7,285.127860697909,5,7,73.1487129569013,5,7,141.171962099322,5,7
130.590912987141,5,8,123.194910631826,5,8,203.44277230917,5,8,69.7558355656167,5,8,330.23368652935,5,8,214.13351154163,5,8,184.947259662596,5,8,101.595258259494,5,8,122.170191017656,5,8,41.8341992849964,5,8,79.861153153237,5,8,140.836585352885,5,8,146.268167660985,5,8,317.489882964437,5,8,107.391263482861,5,8,176.763276451693,5,8
127.262127969826,5,9,116.489879686272,5,9,191.390060115331,5,9,61.2085994556523,5,9,313.420784971591,5,9,205.80168788861,5,9,170.045423900364,5,9,95.5758597793412,5,9,111.799939726212,5,9,35.6427875867436,5,9,70.4583383072465,5,9,128.177124587217,5,9,135.826191103641,5,9,297.679988388469,5,9,89.7960249341728,5,9,164.167138126912,5,9
123.370447943374,5,10,116.062753644278,5,10,193.019080958977,5,10,59.0999870435577,5,10,313.298152970606,5,10,209.076357717191,5,10,168.375347103686,5,10,98.2528476689519,5,10,116.052102701752,5,10,33.2674384139602,5,10,68.9275688870548,5,10,124.464835527331,5,10,133.829680963996,5,10,295.014060890068,5,10,88.7611224892928,5,10,157.81097868786,5,10
111.202635534156,5,11,108.833702643088,5,11,186.853622282373,5,11,51.9491749052855,5,11,303.821162798718,5,11,196.156612897787,5,11,157.180307401473,5,11,94.6638112149276,5,11,112.265061863426,5,11,26.0116215318893,5,11,64.8479313695217,5,11,115.099835450204,5,11,124.850995688943,5,11,281.221175854505,5,11,77.7636846509293,5,11,145.960202252532,5,11
125.150616771096,5,12,128.248378509826,5,12,208.2868244412,5,12,65.4113341016798,5,12,308.664153761523,5,12,203.272355652845,5,12,163.788474095306,5,12,117.313789839446,5,12,135.488591923613,5,12,37.4232573101611,5,12,90.5285811967503,5,12,131.762166035379,5,12,142.32446944618,5,12,291.964920757511,5,12,87.6226754598814,5,12,154.962270029201,5,12
115.692290692401,5,13,129.760098145402,5,13,211.796884617326,5,13,61.4163299630264,5,13,295.403614874254,5,13,204.702711236953,5,13,155.641795332433,5,13,125.562953760338,5,13,146.122145329115,5,13,35.4656851728296,5,13,96.3681124987249,5,13,126.098131261113,5,13,137.830902141532,5,13,276.420336173599,5,13,88.3240026855897,5,13,146.745668188151,5,13
115.05346486584,5,14,146.253935565833,5,14,235.647647477445,5,14,73.0075162376894,5,14,289.292603795362,5,14,214.363267387091,5,14,166.00658248806,5,14,165.588522205527,5,14,184.17168466936,5,14,46.7500461536621,5,14,122.174292752806,5,14,132.988874664584,5,14,142.790832706671,5,14,272.615019070579,5,14,84.0746090527187,5,14,147.149007617443,5,14
113.434251378711,5,15,164.849985525959,5,15,272.936877812059,5,15,85.7839251249551,5,15,284.466975430386,5,15,216.651184662219,5,15,170.345132923857,5,15,224.167845567275,5,15,237.715192987341,5,15,68.2434866314049,5,15,161.130269571364,5,15,138.217212266234,5,15,147.796086138517,5,15,265.222156096831,5,15,85.5517258609679,5,15,143.350426688043,5,15
126.489086973641,6,0,104.313498059942,6,0,193.625476054044,6,0,59.4553678375529,6,0,316.713769850851,6,0,201.742217207607,6,0,189.336486671494,6,0,83.2020590121144,6,0,95.8253956382591,6,0,40.587521334527,6,0,55.741072243409,6,0,125.194253404437,6,0,133.245035958145,6,0,318.021165284863,6,0,93.8562466317827,6,0,157.884244342329,6,0
107.401573513815,6,1,83.4348350505906,6,1,172.390455176332,6,1,48.3915758558572,6,1,298.633786515632,6,1,188.313001245257,6,1,164.126031191052,6,1,66.5119315075224,6,1,76.1750947121014,6,1,38.9893944722045,6,1,43.8925992164759,6,1,109.450423593682,6,1,114.34770526439,6,1,296.873953406193,6,1,71.5367289576613,6,1,138.035992844994,6,1
105.267375384933,6,2,78.7292613726709,6,2,164.217991132666,6,2,42.9166332166703,6,2,293.728438869773,6,2,190.980237750245,6,2,156.422805499781,6,2,59.0083316330668,6,2,71.1126610117739,6,2,41.2638486470344,6,2,41.4121808930815,6,2,98.6621381822512,6,2,105.546159890632,6,2,285.678677019974,6,2,69.2882712075094,6,2,129.715208625943,6,2
85.0529589824563,6,3,65.0193427578794,6,3,149.041304773304,6,3,36.8775079762084,6,3,275.926117857382,6,3,165.557778401017,6,3,138.465007049499,6,3,41.0685556113107,6,3,56.1257115804772,6,3,50.9965543905995,6,3,28.6580244815966,6,3,82.1019673427798,6,3,88.3509328336765,6,3,266.168878004823,6,3,52.5815477368614,6,3,108.420403293299,6,3
96.6588092712466,6,4,75.959006297613,6,4,160.576801298256,6,4,37.3669565109953,6,4,293.940894351357,6,4,185.919651914115,6,4,155.26541942822,6,4,55.5713495536446,6,4,70.8531478446255,6,4,44.2795635392741,6,4,37.066602300912,6,4,96.3736679729511,6,4,105.499461357709,6,4,278.104852524201,6,4,65.3487328046492,6,4,126.542093954673,6,4
63.4002267632793,6,5,62.2974098899536,6,5,142.668522043612,6,5,36.2933980677807,6,5,278.548153593547,6,5,164.940912832832,6,5,137.062812126087,6,5,41.7090165891122,6,5,55.2373478551532,6,5,51.723332000836,6,5,24.6534504977362,6,5,84.3437326700517,6,5,91.7759626749788,6,5,262.501990442311,6,5,50.9559707299654,6,5,108.674628921743,6,5
70.9298526791756,6,6,55.3414130807553,6,6,139.185316018188,6,6,39.7436466623423,6,6,269.259557517366,6,6,159.147611436146,6,6,127.471299766559,6,6,40.430275265391,6,6,51.2598501214974,6,6,54.1799596263659,6,6,25.0873514318964,6,6,79.1630679234265,6,6,89.7441017720859,6,6,257.072958064858,6,6,46.9467602088071,6,6,107.162795675723,6,6
51.7891107915884,6,7,48.5281208680771,6,7,127.86122009104,6,7,46.5314196204342,6,7,254.486184566085,6,7,142.365738581943,6,7,105.651830565396,6,7,27.447391995576,6,7,40.147211398729,6,7,64.4755537799585,6,7,30.7079902130437,6,7,64.0381388957121,6,7,73.3677329155087,6,7,243.480683299023,6,7,34.8586280744413,6,7,92.1118724951954,6,7
89.5672476296563,6,8,73.1418443389128,6,8,160.258655168578,6,8,34.4818238973239,6,8,281.56680794161,6,8,175.165060654436,6,8,140.938999045844,6,8,59.0535261091582,6,8,72.9539240799854,6,8,40.1393422028807,6,8,36.399420734374,6,8,88.3466015468996,6,8,100.503777165533,6,8,274.369830217924,6,8,60.2127504307024,6,8,128.36070815333,6,8
76.7750415011071,6,9,64.1252129369649,6,9,146.025576814101,6,9,31.3604905859304,6,9,266.946733202891,6,9,163.218967223012,6,9,124.650543498447,6,9,50.1133624704746,6,9,62.2674045217565,6,9,49.6342856046855,6,9,27.4839046392699,6,9,78.3490979553991,6,9,93.306318132976,6,9,260.64693228162,6,9,46.1870293291451,6,9,113.170731611981,6,9
75.3726838121891,6,10,63.6649638975268,6,10,145.5484559121,6,10,30.7925277792835,6,10,260.66974780661,6,10,155.783781788267,6,10,109.815488995983,6,10,54.6411095196443,6,10,63.1562487314641,6,10,49.7380051325082,6,10,26.5358606192016,6,10,76.3372422765755,6,10,90.0377929061687,6,10,255.619708209141,6,10,45.8253714061806,6,10,109.479693384675,6,10
54.0226454490248,6,11,57.7901719052896,6,11,134.758292990851,6,11,34.7275532849206,6,11,249.239144223956,6,11,136.21281468662,6,11,107.544857931594,6,11,48.4568427123998,6,11,58.4463407782377,6,11,56.1959880862855,6,11,22.4466605561325,6,11,68.7684665393415,6,11,80.0636141984133,6,11,235.523129903851,6,11,36.7997739310737,6,11,93.0150746852782,6,11
62.3376826777484,6,12,75.8871333882127,6,12,155.736034969456,6,12,27.3773443875254,6,12,259.860738267642,6,12,156.224187668668,6,12,128.442964704065,6,12,67.4557409316953,6,12,78.2405217211781,6,12,40.098871417786,6,12,38.4632143365342,6,12,85.2795572033462,6,12,96.0645733650666,6,12,245.729166276197,6,12,43.9043277940782,6,12,106.414966309703,6,12
57.6491231866752,6,13,72.4883258144609,6,13,153.982486496558,6,13,29.1154643308947,6,13,246.098854556887,6,13,153.528060061661,6,13,120.448259887657,6,13,69.7159499243233,6,13,82.0693302255443,6,13,38.5256081186725,6,13,37.5569572013327,6,13,78.4755185617007,6,13,91.6005216034293,6,13,234.462688846931,6,13,34.8572889615224,6,13,97.5368561813057,6,13
59.5930770414936,6,14,80.6108626682345,6,14,167.074749932889,6,14,32.8344965745578,6,14,248.975375787685,6,14,159.330314512153,6,14,120.394106832859,6,14,84.2031099753435,6,14,105.33995116267,6,14,28.7902009319141,6,14,53.0080628193421,6,14,82.5997124696943,6,14,93.9364880934809,6,14,229.328721585351,6,14,38.8948526475625,6,14,98.6693493770641,6,14
52.6240612931132,6,15,92.5438346735109,6,15,185.808060965517,6,15,32.3881089133573,6,15,238.423729500668,6,15,152.529648064789,6,15,113.601857564781,6,15,115.514643748614,6,15,132.560624669554,6,15,18.0100489985042,6,15,72.2089086428303,6,15,79.8908294782332,6,15,92.6097152672561,6,15,217.451547202227,6,15,32.8453762882062,6,15,91.2026201639722,6,15
75.6573481836336,7,0,78.3693152272777,7,0,163.155201091441,7,0,43.2724057929311,7,0,279.973392667107,7,0,172.407909092512,7,0,149.822124786183,7,0,54.4966188338537,7,0,68.5995007785795,7,0,46.4495139856488,7,0,38.9723688829573,7,0,95.9096632488423,7,0,106.318646845229,7,0,283.555040201802,7,0,65.9266187003826,7,0,132.881950069192,7,0
54.9063380242809,7,1,65.378238104472,7,1,141.479774718276,7,1,39.7257032328589,7,1,266.586934702876,7,1,162.240996906218,7,1,136.486032442741,7,1,38.1559087662361,7,1,52.4789625296602,7,1,55.1354405572184,7,1,31.0381688988207,7,1,77.9941084139377,7,1,89.6157290863406,7,1,263.761311865891,7,1,51.8926178332964,7,1,113.108873398885,7,1
32.7480374669014,7,2,58.0822872850497,7,2,136.384648137443,7,2,46.0106497818299,7,2,262.895851174265,7,2,154.53495175196,7,2,126.985200791601,7,2,32.0667231311295,7,2,46.0675048850282,7,2,58.8667544727011,7,2,31.7009709556112,7,2,72.3096516076742,7,2,80.8728715889652,7,2,256.928433332508,7,2,48.6287492903369,7,2,106.447453087018,7,2
38.8678589875472,7,3,47.0804090344218,7,3,117.444304509129,7,3,56.7784748872862,7,3,244.931158628922,7,3,130.021387218632,7,3,108.044998245462,7,3,21.1379704616305,7,3,32.4063304751975,7,3,73.9012848566436,7,3,38.2479631894034,7,3,54.7340403690029,7,3,59.7611653015542,7,3,236.999985945399,7,3,31.9519901799824,7,3,89.4579355381186,7,3
47.9856107310012,7,4,53.8514933974558,7,4,132.316511025113,7,4,45.1309103338406,7,4,258.387461660433,7,4,145.058906686826,7,4,121.764668000277,7,4,29.478322520968,7,4,43.7326724284,7,4,64.9881343814891,7,4,30.0813936574764,7,4,69.1041231482681,7,4,77.2890475329874,7,4,251.373458958704,7,4,43.2134870232406,7,4,99.0404434877256,7,4
57.0376874382362,7,5,46.0341387467049,7,5,113.728556220794,7,5,59.2454059821432,7,5,242.632349317637,7,5,136.615035704773,7,5,95.9528710956207,7,5,23.9243139061182,7,5,28.6675124544931,7,5,74.8750475556532,7,5,38.4946982846834,7,5,53.3473355187744,7,5,65.1852971225924,7,5,232.605273117685,7,5,28.9329798971971,7,5,80.106310851861,7,5
52.2195602035112,7,6,45.6437621698105,7,6,107.255354270677,7,6,63.6525245451328,7,6,236.201631082476,7,6,125.642778998024,7,6,86.2022417446116,7,6,22.5393167569235,7,6,26.2629322287955,7,6,77.1071918736668,7,6,39.9674845201725,7,6,48.7669496361252,7,6,60.111591733092,7,6,224.777749551948,7,6,23.2322458358794,7,6,76.2479023318697,7,6
58.0341788058475,7,7,45.7982308114514,7,7,90.3217562170271,7,7,76.4312313909909,7,7,220.243028989077,7,7,99.3303031166248,7,7,72.5630653694062,7,7,33.6073345351477,7,7,19.254568830162,7,7,92.1686439156048,7,7,54.0304811505844,7,7,36.155889800011,7,7,52.0740269661772,7,7,212.883119485957,7,7,27.1568988222694,7,7,56.0201326578986,7,7
52.8899359628071,7,8,54.5079446599947,7,8,123.234827674609,7,8,48.9754284329847,7,8,256.451181277999,7,8,126.773791430611,7,8,107.156708495027,7,8,30.0678909999657,7,8,46.3047928598745,7,8,61.4742354855008,7,8,25.531840532931,7,8,63.8777504088482,7,8,71.0551046384664,7,8,240.147685117289,7,8,32.9287169743374,7,8,92.7273534554727,7,8
45.3671619245706,7,9,45.2062184973697,7,9,111.505754863389,7,9,55.3378860142648,7,9,237.006508958794,7,9,114.719348307544,7,9,89.4974473956872,7,9,20.4520176726729,7,9,35.2299672614844,7,9,73.2832573923837,7,9,29.3725278872033,7,9,52.212662477328,7,9,58.0103019936987,7,9,225.58573834978,7,9,25.4584573142595,7,9,74.5762105611601,7,9
46.0892667246256,7,10,43.6113257418398,7,10,111.626155640656,7,10,57.5820349490189,7,10,231.400043923877,7,10,113.066896598782,7,10,82.9888622579782,7,10,22.7877891860118,7,10,32.9283811550985,7,10,71.0166871923686,7,10,27.2609783366148,7,10,49.362578950244,7,10,56.9760053722652,7,10,218.001299510034,7,10,19.1440117410351,7,10,71.6614759816661,7,10
35.2848906783945,7,11,38.9129979342124,7,11,102.465288270534,7,11,59.7826797323745,7,11,219.549199083591,7,11,112.076675965637,7,11,70.1310866593809,7,11,16.3545718298688,7,11,27.8371930531898,7,11,83.5562471214334,7,11,29.4149959107295,7,11,40.7130784279688,7,11,45.3780215514069,7,11,203.081147697092,7,11,25.4425516583415,7,11,58.5911149586528,7,11
25.5104804545148,7,12,47.2786699838387,7,12,118.737962501402,7,12,47.0142691295339,7,12,227.683231727122,7,12,129.279905605093,7,12,86.8574738186033,7,12,33.8822577100708,7,12,44.1157081662812,7,12,66.3794241797291,7,12,17.9843089935551,7,12,51.3771651676895,7,12,61.3947913705271,7,12,211.474837121871,7,12,20.9517621577085,7,12,71.9800758160508,7,12
32.6422808616278,7,13,43.4044033550306,7,13,110.490279377463,7,13,47.9210855008676,7,13,224.853685325834,7,13,116.843203125874,7,13,75.9700924152549,7,13,34.1315596788904,7,13,43.1496152204786,7,13,72.5931315289538,7,13,15.7730963653303,7,13,50.3291409469245,7,13,57.2253147430246,7,13,195.712619389463,7,13,19.8890723308677,7,13,59.7006390256113,7,13
35.4255223967282,7,14,43.3338125199396,7,14,123.892094235209,7,14,39.9178856768446,7,14,218.785476535507,7,14,117.546099129934,7,14,72.8958428262529,7,14,46.6692889762386,7,14,53.753006252233,7,14,62.5378492460747,7,14,17.9481014144448,7,14,52.2345114652735,7,14,61.1028468567479,7,14,199.976071856975,7,14,19.1951351176059,7,14,63.5595885148442,7,14
33.316510934461,7,15,49.3747821949172,7,15,131.775775132041,7,15,33.8934052057002,7,15,205.391796779818,7,15,119.991468848605,7,15,71.2646811206071,7,15,61.6904231760135,7,15,73.1237633120818,7,15,60.3498424195054,7,15,22.2147562591923,7,15,46.5701004157086,7,15,58.804619166905,7,15,183.803668219277,7,15,19.3831607455352,7,15,53.9602413769029,7,15
62.1604876091859,8,0,62.5008736685766,8,0,81.7451810855809,8,0,88.7445716482617,8,0,193.950164293707,8,0,90.3891029994601,8,0,60.0950612813195,8,0,55.4233140895752,8,0,35.6004462988487,8,0,123.733150374982,8,0,74.0342383806654,8,0,24.9020845627652,8,0,28.6650134982062,8,0,192.847176250005,8,0,41.351255910223,8,0,44.0103692225276,8,0
78.006048495959,8,1,72.3692342824126,8,1,76.695117852908,8,1,102.645951707188,8,1,174.341757986231,8,1,69.898121116324,8,1,43.3928055145868,8,1,72.0047793790386,8,1,55.993149107597,8,1,142.934218726043,8,1,91.4609440603709,8,1,28.8814992772639,8,1,29.0590387754673,8,1,174.178922537489,8,1,57.4750929162513,8,1,22.269620983942,8,1
86.4749232413923,8,2,73.176147685058,8,2,73.0384318889833,8,2,109.075091084865,8,2,172.748291023719,8,2,68.2474114163539,8,2,35.5722507083557,8,2,75.8081439160524,8,2,59.9631370776238,8,2,148.065927996244,8,2,98.3282340096119,8,2,35.4743038411077,8,2,32.3825297970966,8,2,166.974705040765,8,2,59.4286644703975,8,2,18.6148479095619,8,2
103.388915649631,8,3,87.6923828997775,8,3,71.4424452285467,8,3,128.979102304292,8,3,151.949159505054,8,3,48.1618502340663,8,3,39.4933951413145,8,3,94.0248467518337,8,3,80.0878432318923,8,3,164.237025429823,8,3,116.641848891543,8,3,48.4723344429247,8,3,47.0783873982952,8,3,145.231015385292,8,3,79.6602428907879,8,3,18.030051442333,8,3
86.9447459648572,8,4,78.884795573457,8,4,71.4554955586094,8,4,112.459377302163,8,4,177.124088354399,8,4,62.7787562882937,8,4,36.1858038939052,8,4,78.0580039945603,8,4,65.5113825995151,8,4,150.758775281594,8,4,98.5430851920515,8,4,35.1776153086963,8,4,34.5936350995272,8,4,161.512627369134,8,4,67.5860167705661,8,4,19.859105161979,8,4
103.10652873049,8,5,85.075151397684,8,5,64.6094084490697,8,5,129.854483352863,8,5,153.217588472627,8,5,47.2802259257302,8,5,38.6789117772333,8,5,92.3896934962616,8,5,80.2579883514415,8,5,167.341762375265,8,5,115.66898515094,8,5,49.0517828991246,8,5,48.9754201781321,8,5,143.868653715704,8,5,82.3885301130847,8,5,23.6759174240379,8,5
108.384656919305,8,6,87.994267721095,8,6,62.3483300467557,8,6,134.457423281839,8,6,152.624694930394,8,6,38.1483005703583,8,6,47.107799493047,8,6,97.7506272816523,8,6,83.3647521015209,8,6,172.167026560514,8,6,119.044094336027,8,6,53.5804944372109,8,6,53.4838964504017,8,6,136.258574708147,8,6,87.8505861451651,8,6,27.2706698783198,8,6
124.486579069525,8,7,99.2152716673947,8,7,65.7229094706848,8,7,146.882752774801,8,7,132.58979794928,8,7,24.3483447114584,8,7,54.0111306206819,8,7,111.262377950864,8,7,98.0492176639584,8,7,186.545869228103,8,7,135.121977965538,8,7,69.1731552909244,8,7,61.0884146048593,8,7,121.324926991378,8,7,111.325469267673,8,7,43.7834181509781,8,7
87.033475078708,8,8,77.3729442610498,8,8,61.3736574094717,8,8,117.680440547548,8,8,161.507893738643,8,8,58.9051429951398,8,8,35.4104819709422,8,8,75.275976217878,8,8,58.0541031748202,8,8,155.293538859165,8,8,94.4799797589096,8,8,37.0546013833003,8,8,39.8547965260029,8,8,155.123482376451,8,8,75.7233982700777,8,8,9.48251354149134,8,8
100.884782583916,8,9,83.0061160479586,8,9,57.0613495301582,8,9,128.142614506762,8,9,144.088359379987,8,9,44.1096671531223,8,9,39.3055564629523,8,9,85.4697097751337,8,9,72.9225420374055,8,9,169.122644674383,8,9,106.703635642879,8,9,49.9855183359572,8,9,46.5101016399122,8,9,138.850138475122,8,9,88.746078122387,8,9,24.4227771396885,8,9
104.276871625004,8,10,82.8309950915925,8,10,55.3383105837184,8,10,130.328232637934,8,10,147.964925811303,8,10,42.0236859206652,8,10,36.1126627130025,8,10,83.1316544979637,8,10,70.6772956018379,8,10,173.056449003493,8,10,104.229825464397,8,10,52.8723091862705,8,10,50.9874832570909,8,10,129.073354623184,8,10,93.7090433254508,8,10,30.1416854374322,8,10
119.922103777446,8,11,87.2236531837657,8,11,50.1461073488572,8,11,140.338688086608,8,11,131.645118263099,8,11,22.4293985100897,8,11,45.2362439396062,8,11,92.7670278505296,8,11,78.9611639436885,8,11,182.240119012319,8,11,113.643816762392,8,11,70.268422491928,8,11,59.5178554735436,8,11,109.779916500208,8,11,107.436610597064,8,11,42.8507732386389,8,11
106.852430102675,8,12,75.4485376372741,8,12,45.9053649501337,8,12,125.795221783255,8,12,139.90508687164,8,12,44.8334312491062,8,12,35.7591675690028,8,12,70.5961245091911,8,12,56.0453640273003,8,12,163.794598031729,8,12,90.9321953079607,8,12,49.2321540208858,8,12,42.8291271964218,8,12,123.217526195435,8,12,88.3739139338491,8,12,25.8195029691518,8,12
115.452530808626,8,13,74.654590404416,8,13,43.7310191052737,8,13,129.288577724855,8,13,125.784762766419,8,13,39.4067210236787,8,13,46.6735957361383,8,13,72.6887336964971,8,13,60.5699343612508,8,13,170.450236282805,8,13,95.734614227697,8,13,53.8377883996187,8,13,44.2351474921118,8,13,108.049648590903,8,13,95.4759644017484,8,13,35.706473864134,8,13
110.231607949427,8,14,72.1171956985636,8,14,42.1182013844107,8,14,125.472050316102,8,14,121.66198205485,8,14,41.0457867435412,8,14,43.2385251241685,8,14,60.9896902971771,8,14,46.9487699022493,8,14,165.145894571428,8,14,85.8094958955612,8,14,49.6722994817609,8,14,39.4039562160017,8,14,109.227773535521,8,14,93.7412681456516,8,14,35.592102343943,8,14
116.057644618713,8,15,69.058303043573,8,15,43.223872815525,8,15,119.893868979154,8,15,115.800489294498,8,15,33.2622920093719,8,15,47.5647380940374,8,15,52.839293372893,8,15,39.8930575320948,8,15,165.155737378991,8,15,84.1891617432576,8,15,53.4586648878465,8,15,43.3665035764121,8,15,98.994881807762,8,15,102.777966844439,8,15,44.0014394793691,8,15
89.0739487560126,9,0,87.5916362785595,9,0,80.3789440893717,9,0,108.424898026059,9,0,165.979704380615,9,0,64.3862405952965,9,0,43.1770254876397,9,0,77.7943956597883,9,0,60.9660410697688,9,0,146.713997757966,9,0,100.725125746608,9,0,42.116287352906,9,0,35.3649501486674,9,0,164.334975225212,9,0,61.6367766270677,9,0,13.8438628307362,9,0
107.651744920939,9,1,96.0588413650843,9,1,74.3631126661984,9,1,128.042901286263,9,1,155.809008115587,9,1,51.0720906897643,9,1,47.080517250074,9,1,93.1027261624661,9,1,77.324858014482,9,1,168.798035373088,9,1,124.065952250199,9,1,58.8157259942644,9,1,50.2329249930987,9,1,142.03772704415,9,1,82.4293669514853,9,1,19.8446428482141,9,1
113.257567229232,9,2,102.039958356619,9,2,73.3407502992637,9,2,133.833293296597,9,2,142.915684324451,9,2,41.8276862714476,9,2,46.2143734477824,9,2,99.7678854748941,9,2,84.0553510704939,9,2,174.232322250991,9,2,129.195579713488,9,2,62.0311336809899,9,2,50.2653143147818,9,2,139.347390114101,9,2,93.1722296039886,9,2,24.0748514187752,9,2
134.670698402306,9,3,116.036052585587,9,3,79.9681738706919,9,3,154.672000103908,9,3,129.601086664087,9,3,26.6625546558185,9,3,57.9856920303782,9,3,118.118279224011,9,3,104.28804129627,9,3,193.970723249748,9,3,145.517805649961,9,3,74.6711316205555,9,3,66.8900883843475,9,3,118.889454765997,9,3,105.57180848906,9,3,42.1986437220962,9,3
121.877205474342,9,4,103.028828164796,9,4,72.6766189881907,9,4,143.099956923341,9,4,134.604261412259,9,4,39.6893116604071,9,4,46.6229401389132,9,4,100.970918509321,9,4,88.3265511081226,9,4,179.204843972351,9,4,126.525794963797,9,4,61.3914879350425,9,4,55.5625768992449,9,4,136.490372858567,9,4,90.9968421767617,9,4,25.6583730945703,9,4
136.65426863689,9,5,111.326661920993,9,5,76.3639641356386,9,5,159.318948100508,9,5,119.308457771,9,5,25.6040362806424,9,5,55.9553238670667,9,5,116.046294964464,9,5,106.023471034451,9,5,195.219793803546,9,5,144.809959647644,9,5,79.2332494048247,9,5,66.6056803140397,9,5,118.339635662104,9,5,108.543479603108,9,5,40.184475728896,9,5
140.67641920544,9,6,112.39033326184,9,6,69.348319225519,9,6,162.353718719505,9,6,122.756873356483,9,6,21.8752396558242,9,6,59.9340109993569,9,6,123.689900231856,9,6,108.976753298701,9,6,203.184616955561,9,6,151.877076255258,9,6,83.8956671465585,9,6,72.2330671989086,9,6,111.756768314129,9,6,118.127783600847,9,6,48.4297526686975,9,6
160.49765975551,9,7,123.552770854658,9,7,78.9251609414539,9,7,176.370862149531,9,7,106.94017742018,9,7,17.9101283499104,9,7,69.0608202505028,9,7,138.677013437161,9,7,126.18216946455,9,7,216.288209778178,9,7,167.125198705914,9,7,100.796904032838,9,7,88.0710542965828,9,7,97.5538719983277,9,7,131.582387062382,9,7,64.5457793888294,9,7
131.495623903683,9,8,96.9403604240626,9,8,62.8283478031906,9,8,147.198489892346,9,8,134.78570140643,9,8,34.8009096338101,9,8,40.9294661990649,9,8,102.160716021,9,8,89.599797538539,9,8,182.484554531926,9,8,130.633140384799,9,8,65.9844279512574,9,8,55.6111972940082,9,8,124.501295667817,9,8,100.94787502163,9,8,28.9769230745216,9,8
143.958549291311,9,9,103.922091260317,9,9,64.9008191160056,9,9,158.908499202573,9,9,122.44382399297,9,9,23.0855129621656,9,9,51.5401363650679,9,9,113.114582246883,9,9,101.992910160475,9,9,195.377454289696,9,9,141.976394880817,9,9,80.8508692760906,9,9,68.6201243628019,9,9,108.25994276791,9,9,121.818141344968,9,9,42.4985072412138,9,9
147.7533537412,9,10,102.515002290112,9,10,65.1124047668151,9,10,157.628515823985,9,10,117.825709986526,9,10,16.8353275601247,9,10,59.1322223806358,9,10,112.607657921297,9,10,100.781884752758,9,10,196.56703737826,9,10,139.38709130386,9,10,83.4044147334687,9,10,68.6933735973356,9,10,105.122651129492,9,10,121.850450770516,9,10,51.3351421263634,9,10
160.705500746087,9,11,110.226126515217,9,11,66.1473774431948,9,11,165.505991209589,9,11,106.343581808186,9,11,15.0929214259519,9,11,65.0911244116502,9,11,119.324261790339,9,11,107.759827492874,9,11,207.927176211334,9,11,148.990978524693,9,11,95.4796950200313,9,11,81.4285787558918,9,11,89.5731531581512,9,11,136.794155127851,9,11,63.3728628947871,9,11
148.802478890072,9,12,101.123974416912,9,12,54.0369367014117,9,12,151.98851969865,9,12,118.727915697544,9,12,17.3534849253407,9,12,55.2131845580769,9,12,97.5571286002609,9,12,87.5724556549935,9,12,193.412998399261,9,12,128.548111103982,9,12,79.603806605602,9,12,66.4529254759174,9,12,98.4291584566386,9,12,121.534508477458,9,12,49.050544257592,9,12
158.906182419798,9,13,103.474446009336,9,13,51.5250159529392,9,13,159.447543706929,9,13,101.993677740226,9,13,13.7416662680549,9,13,62.996635737365,9,13,102.186553681706,9,13,92.1736030168266,9,13,202.616347638153,9,13,129.429840965219,9,13,89.0729698197792,9,13,72.9688403931422,9,13,86.5483970069459,9,13,127.703163236221,9,13,62.1790812634542,9,13
156.880908745427,9,14,97.1921771542793,9,14,45.536214475462,9,14,153.672696671307,9,14,105.320692920591,9,14,13.8318945671662,9,14,62.826933182549,9,14,93.0530985544201,9,14,82.7676728643763,9,14,195.770812408409,9,14,122.374252560974,9,14,86.5705545045998,9,14,71.3423024009858,9,14,82.5953734062045,9,14,127.942583102214,9,14,62.2169510218465,9,14
160.989748727205,9,15,99.3962932651429,9,15,44.4056036405055,9,15,154.703816440705,9,15,88.7536715252681,9,15,13.2810864299942,9,15,66.878286488263,9,15,86.8889663516846,9,15,77.3934699877346,9,15,192.476124026176,9,15,119.558528472766,9,15,92.2087709820802,9,15,73.6033236168572,9,15,71.8452940282512,9,15,132.05193782712,9,15,71.366460496893,9,15
143.588000241498,10,0,110.594015733649,10,0,77.5291552405519,10,0,148.021140357461,10,0,131.584973863575,10,0,26.854830618484,10,0,51.432091151352,10,0,112.896125945641,10,0,98.4358372016422,10,0,184.038006455591,10,0,144.380106801709,10,0,75.6254862881832,10,0,62.2446614691653,10,0,126.234681153218,10,0,102.696953681236,10,0,33.568316606559,10,0
163.77231637817,10,1,123.367027665446,10,1,89.8546541835342,10,1,165.944569930646,10,1,110.934546639052,10,1,17.7289618614309,10,1,61.9999709984678,10,1,130.836058867973,10,1,121.103040319151,10,1,204.048985752833,10,1,161.032929029788,10,1,93.9429001409704,10,1,78.7433602114128,10,1,107.373790996424,10,1,128.839961275521,10,1,52.4219070896364,10,1
170.413845964777,10,2,129.795445467469,10,2,89.8554476706535,10,2,172.118060547083,10,2,111.365576205602,10,2,13.499189730006,10,2,69.3979479309702,10,2,136.798948039123,10,2,129.514234166937,10,2,211.869324789161,10,2,168.800217408896,10,2,101.441882214925,10,2,84.9929668081896,10,2,104.537133613152,10,2,129.632858441009,10,2,58.3118242144522,10,2
188.711141278466,10,3,143.065634297423,10,3,97.0741629161886,10,3,187.0169739748,10,3,96.6498286324956,10,3,25.6784487385183,10,3,80.0863648966269,10,3,153.520401255643,10,3,147.80741624315,10,3,233.317803342381,10,3,189.432699181691,10,3,121.203154840761,10,3,105.663101810913,10,3,83.810547032881,10,3,148.133657647055,10,3,80.012553826769,10,3
176.558776158295,10,4,129.123579307914,10,4,87.5139571100873,10,4,172.233878849825,10,4,120.126535996886,10,4,18.2201238371595,10,4,67.9532377654358,10,4,138.365857552079,10,4,131.651489961013,10,4,216.474549246573,10,4,174.164858613765,10,4,103.380065467188,10,4,90.0592424285391,10,4,93.9292653552528,10,4,135.617698536776,10,4,66.7914781579145,10,4
189.811977596825,10,5,141.917640645944,10,5,97.1339920785219,10,5,191.389146546547,10,5,102.231698140608,10,5,27.4243734135594,10,5,84.8983873353802,10,5,154.990341242571,10,5,149.624243804781,10,5,236.196186516566,10,5,187.156047087738,10,5,121.807119195177,10,5,107.256567622088,10,5,77.5231389972653,10,5,152.649608178372,10,5,86.1266132576981,10,5
194.28426779669,10,6,146.437828225676,10,6,97.8740166296537,10,6,193.750514611345,10,6,92.0106162950324,10,6,36.563126759558,10,6,89.7136326500742,10,6,160.054655472172,10,6,154.266354161812,10,6,243.427113196596,10,6,190.863899320038,10,6,125.800881273172,10,6,112.92983852115,10,6,73.5291628457659,10,6,160.283644602962,10,6,93.8132626299875,10,6
208.555687071704,10,7,157.410925336461,10,7,108.805255069197,10,7,210.514051751288,10,7,76.4528771859959,10,7,49.3290109263906,10,7,102.920076879961,10,7,173.850460465552,10,7,168.410144447877,10,7,260.208890669975,10,7,204.724001762443,10,7,142.657221831596,10,7,127.515597251941,10,7,59.8739091171778,10,7,179.528405031465,10,7,110.005245193444,10,7
170.167936829593,10,8,126.966829965829,10,8,84.6412904387774,10,8,177.958955352355,10,8,105.088819109205,10,8,19.1916580129383,10,8,76.9937050654716,10,8,139.24969209397,10,8,129.274380271435,10,8,226.47244803678,10,8,167.054662326986,10,8,107.149221671711,10,8,95.731202222091,10,8,82.376650943319,10,8,144.043750321756,10,8,70.6434312870482,10,8
185.762421219915,10,9,137.745146405916,10,9,88.6979735099473,10,9,191.647358708522,10,9,89.4900021991966,10,9,42.5924031522739,10,9,86.4318009255003,10,9,152.918327504457,10,9,143.009300509261,10,9,239.602039789818,10,9,180.243763409951,10,9,120.75949513681,10,9,110.754284105461,10,9,68.5235031939766,10,9,158.834704443176,10,9,86.5155571063219,10,9
190.420962129396,10,10,139.034251831808,10,10,88.6176413123815,10,10,196.96182118633,10,10,87.6373556298539,10,10,38.6546446266206,10,10,89.5888479799414,10,10,152.836969881299,10,10,142.497710067505,10,10,241.939434596822,10,10,180.04224373406,10,10,126.206663929923,10,10,114.059439414439,10,10,64.0480928937223,10,10,162.300458489441,10,10,89.9272036363356,10,10
201.506358680667,10,11,144.507520322071,10,11,89.5496187342939,10,11,209.589478362999,10,11,74.2778940215478,10,11,52.8877680724263,10,11,99.6287726576098,10,11,161.657637111129,10,11,147.791791004799,10,11,251.449159183663,10,11,186.880409667401,10,11,136.203426155303,10,11,125.480985479109,10,11,46.8588067761169,10,11,176.092783032311,10,11,105.928807783357,10,11
191.431469276342,10,12,135.08534659262,10,12,75.662003178103,10,12,192.077378714265,10,12,78.0939924322795,10,12,38.0676231276377,10,12,90.0289844920555,10,12,141.876811510206,10,12,129.150131716748,10,12,233.114145732186,10,12,168.361239985194,10,12,120.592561806145,10,12,108.066828301893,10,12,59.4884046366418,10,12,164.136998824231,10,12,95.6108563220663,10,12
201.217936223063,10,13,141.065620071581,10,13,82.4650064008859,10,13,199.202204700393,10,13,73.7518059027667,10,13,45.1369287546472,10,13,97.638878343899,10,13,146.629757497543,10,13,133.963749907602,10,13,244.648378109823,10,13,174.632704963651,10,13,129.477206872463,10,13,116.086676904075,10,13,48.6116539472247,10,13,169.720871559514,10,13,110.085014442208,10,13
196.055215826498,10,14,137.134148287727,10,14,77.4199162567495,10,14,197.559816013524,10,14,69.4761653369023,10,14,44.5249929464349,10,14,93.6306381909769,10,14,136.991768098501,10,14,125.190296692234,10,14,240.009414838822,10,14,166.317129918043,10,14,126.432868900847,10,14,116.593947360796,10,14,44.8022663983415,10,14,173.02222715083,10,14,109.592596845813,10,14
201.134538184484,10,15,138.151047408027,10,15,78.4391763510387,10,15,199.600560211617,10,15,64.4859015579428,10,15,48.0771274712076,10,15,98.9223569919363,10,15,134.44271893726,10,15,123.704709662947,10,15,243.508311556253,10,15,163.852387810836,10,15,132.280995061107,10,15,120.689279071853,10,15,32.3692344151158,10,15,173.836246570294,10,15,115.766735980534,10,15
149.745717646205,11,0,134.66436081603,11,0,90.3147511500145,11,0,169.967903034962,11,0,115.762005717051,11,0,14.8407798253017,11,0,76.8523608211755,11,0,137.659442797543,11,0,126.467048680805,11,0,213.553088313241,11,0,166.69964508883,11,0,98.251576266736,11,0,83.9431858285916,11,0,105.348541990445,11,0,132.722681785034,11,0,63.8521272640304,11,0
150.430295219378,11,1,147.670891799021,11,1,97.3471666861101,11,1,189.72055540067,11,1,94.795675134839,11,1,28.4383762604052,11,1,86.717836260619,11,1,157.611182221976,11,1,147.384914402408,11,1,234.032783256928,11,1,186.595977085547,11,1,119.206564045073,11,1,103.878626618552,11,1,81.5093497218972,11,1,151.966050088601,11,1,80.8384065652641,11,1
154.29600887293,11,2,148.04101616763,11,2,100.607638097834,11,2,196.402024435991,11,2,91.7338596595987,11,2,40.0896785034799,11,2,90.5493033578481,11,2,162.067934610366,11,2,155.839260929022,11,2,239.896481472896,11,2,189.303976814821,11,2,128.446674388906,11,2,112.36222694981,11,2,77.865401207399,11,2,157.320116120496,11,2,85.2458841862962,11,2
170.064920613667,11,3,161.282898787928,11,3,111.333478005866,11,3,214.107447414518,11,3,75.0652780813078,11,3,72.0535768288285,11,3,103.187167921561,11,3,181.951221612765,11,3,174.452611901508,11,3,257.519931480745,11,3,206.890349898937,11,3,146.91729187022,11,3,135.765844406375,11,3,58.7947310654213,11,3,182.816123152996,11,3,100.785521248317,11,3
148.040885007009,11,4,148.710091689112,11,4,100.150633714283,11,4,201.263605493204,11,4,89.8505377066824,11,4,59.8575158180162,11,4,93.2271276928187,11,4,165.016485732935,11,4,156.34780086486,11,4,240.969642290228,11,4,192.003374496206,11,4,129.789139319657,11,4,119.459706922492,11,4,75.500125553473,11,4,164.671061584576,11,4,89.5344816633602,11,4
165.916164031651,11,5,161.932085612825,11,5,112.287720902072,11,5,218.027451230953,11,5,70.1781692575535,11,5,70.0921979677761,11,5,101.621488607196,11,5,181.104002095641,11,5,174.216460224917,11,5,260.469524321363,11,5,210.67331588346,11,5,140.789057588047,11,5,138.21279067647,11,5,55.8725104843927,11,5,183.06321534703,11,5,104.865577051902,11,5
165.313694336726,11,6,166.355122617884,11,6,115.61717993922,11,6,223.500394607943,11,6,60.4323231546221,11,6,77.7130686933051,11,6,109.630767896662,11,6,186.679356563676,11,6,176.626787508118,11,6,265.247245840421,11,6,213.725819534141,11,6,152.48015720432,11,6,140.121590252565,11,6,54.1487054532898,11,6,191.804441510532,11,6,110.264299455584,11,6
194.000884449852,11,7,179.791467416868,11,7,126.896463103834,11,7,242.190495822987,11,7,51.3314524927988,11,7,85.2497110102475,11,7,116.723089796197,11,7,201.115786008356,11,7,192.516116625813,11,7,282.335875553819,11,7,229.032378910639,11,7,167.241424170515,11,7,155.450242532381,11,7,39.2017203593769,11,7,204.883595091832,11,7,128.299574846781,11,7
161.319224036504,11,8,146.096485669725,11,8,100.830633522378,11,8,208.501060040796,11,8,80.9922390692505,11,8,45.5105693807468,11,8,93.1171741337212,11,8,164.26236696543,11,8,155.820529982159,11,8,247.071114210347,11,8,195.02678598764,11,8,132.216988984164,11,8,122.773865867245,11,8,68.6679775757674,11,8,173.256178082891,11,8,95.2185129635244,11,8
173.454467913325,11,9,158.538012148205,11,9,107.14982204723,11,9,222.506091611716,11,9,67.838323818644,11,9,59.4324239605719,11,9,104.313839123641,11,9,177.235490792328,11,9,168.21457791261,11,9,264.432365950516,11,9,205.061825416484,11,9,147.164037274762,11,9,141.478800848699,11,9,51.6639568108878,11,9,190.845623149211,11,9,106.526892334489,11,9
213.252665454706,11,10,158.882870884621,11,10,109.866867116751,11,10,223.877958909983,11,10,58.9510558420579,11,10,62.7161943957919,11,10,106.24166050021,11,10,180.812587694643,11,10,168.292916790057,11,10,266.968467399719,11,10,205.628131250547,11,10,151.875453726856,11,10,144.720772200903,11,10,46.3333068427384,11,10,199.052920559519,11,10,117.529490224716,11,10
226.603033596787,11,11,167.382684436299,11,11,118.601662786136,11,11,234.655151204565,11,11,47.8439658660025,11,11,76.4064930548349,11,11,117.779088655869,11,11,187.839001881506,11,11,178.356298156515,11,11,278.213104791509,11,11,216.095043282517,11,11,163.804628273953,11,11,156.793064672455,11,11,36.6273229904649,11,11,212.25340550142,11,11,129.876465616963,11,11
214.689164554049,11,12,154.996251086102,11,12,105.146383197994,11,12,220.068911294814,11,12,55.3289392529385,11,12,61.8663136996952,11,12,112.476264896558,11,12,172.046335146722,11,12,158.271973223778,11,12,261.127963122835,11,12,200.376210446348,11,12,148.018845795145,11,12,141.258979858416,11,12,42.8914348362791,11,12,196.631380758866,11,12,118.560859981635,11,12
227.569262335394,11,13,161.992705741957,11,13,110.567092191948,11,13,230.45592522037,11,13,45.5883474957991,11,13,72.9010230794466,11,13,126.792326106842,11,13,175.288764935167,11,13,162.814320140358,11,13,269.582468919506,11,13,206.480706555811,11,13,157.435872036913,11,13,147.497228814845,11,13,28.063696633563,11,13,207.324580918602,11,13,128.408880181242,11,13
225.26717604893,11,14,153.890536182399,11,14,105.102910019192,11,14,224.644958877245,11,14,48.7518138067998,11,14,69.1239492879616,11,14,132.002750917808,11,14,165.326915436712,11,14,157.21273134911,11,14,267.450938379509,11,14,193.649605569814,11,14,153.16647031273,11,14,144.137991610428,11,14,27.2056278289147,11,14,204.650361621428,11,14,129.714011173803,11,14
232.825613094027,11,15,157.676830965875,11,15,104.216518839175,11,15,234.030461236652,11,15,47.5467139533943,11,15,76.927636075347,11,15,136.893042328168,11,15,164.621862097452,11,15,157.215776347172,11,15,272.53317876814,11,15,192.407420635164,11,15,161.563985377871,11,15,150.815687435386,11,15,20.8829039194944,11,15,216.809250875745,11,15,140.344289733987,11,15
229.238937870628,12,0,168.542066835775,12,0,130.449120723317,12,0,228.840211323529,12,0,65.8403545010342,12,0,59.251082525744,12,0,128.053947278196,12,0,185.200114966577,12,0,180.260507787791,12,0,262.445448842701,12,0,215.056913077491,12,0,153.936692929229,12,0,140.447135702886,12,0,55.356901882254,12,0,191.637965304051,12,0,111.119263241491,12,0
246.158791494567,12,1,184.054475491172,12,1,144.261293022154,12,1,245.477250154569,12,1,42.971636973006,12,1,80.0278966226616,12,1,141.930788846841,12,1,204.825356976074,12,1,199.527695068551,12,1,281.520737006177,12,1,236.968367993533,12,1,175.851983254581,12,1,161.708394735637,12,1,35.2687176858908,12,1,214.30735034861,12,1,126.873407662199,12,1
251.572104188551,12,2,186.623811087753,12,2,147.853649576509,12,2,250.727881068831,12,2,50.0099702400134,12,2,86.3271860008352,12,2,148.312204833673,12,2,211.312054375781,12,2,207.050748810095,12,2,292.263769797728,12,2,243.296863584734,12,2,181.21633580336,12,2,169.971380189262,12,2,32.627030152633,12,2,221.701060781287,12,2,131.385450437327,12,2
264.890196361069,12,3,206.009903749461,12,3,158.675060793681,12,3,267.372273054062,12,3,41.1869021037852,12,3,105.485495553144,12,3,160.083526501049,12,3,229.784268251976,12,3,228.003271990239,12,3,310.170378196814,12,3,264.681757898477,12,3,197.776721379755,12,3,187.978702520516,12,3,25.4172751567011,12,3,239.240011929154,12,3,152.32070560904,12,3
251.055573075453,12,4,196.602159911764,12,4,141.151125337313,12,4,250.94050049346,12,4,50.8390392318899,12,4,90.589032977901,12,4,147.021000456305,12,4,212.469386495447,12,4,207.697343402396,12,4,294.139139848722,12,4,247.775093767885,12,4,181.178774175023,12,4,173.283149590243,12,4,29.4240513437944,12,4,228.387730116279,12,4,140.867634116358,12,4
267.339042233492,12,5,213.642451516531,12,5,154.243530408613,12,5,267.765349733544,12,5,45.2659029845194,12,5,111.655340205187,12,5,158.459438452571,12,5,231.596012610833,12,5,226.244550143801,12,5,313.449988764374,12,5,264.873804950955,12,5,196.798259449129,12,5,189.389065134126,12,5,21.44989712959,12,5,242.587591257092,12,5,156.005144600765,12,5
273.783334309084,12,6,217.235904220059,12,6,158.997683976872,12,6,274.120542142731,12,6,40.4739458525446,12,6,114.775046190199,12,6,161.729058231468,12,6,239.148557552187,12,6,234.406286806501,12,6,318.810973149599,12,6,272.101641280439,12,6,204.262294793434,12,6,196.141522756633,12,6,25.4949462624671,12,6,249.905452412177,12,6,161.465734046433,12,6
290.155508530621,12,7,233.375911305631,12,7,166.627778807818,12,7,290.670273158845,12,7,35.9465218867457,12,7,132.758367637586,12,7,173.931609897825,12,7,253.985690413069,12,7,247.597991136356,12,7,332.119243523018,12,7,284.652865673558,12,7,220.849992267258,12,7,211.526760783593,12,7,29.7275072786995,12,7,262.734517892504,12,7,177.151064298933,12,7
252.918063438591,12,8,196.829820413644,12,8,142.68563020157,12,8,262.597836022836,12,8,41.7427114591585,12,8,97.3550555406791,12,8,139.759973721291,12,8,219.662200057229,12,8,209.788321267874,12,8,302.117794520163,12,8,245.473158490863,12,8,187.186240871465,12,8,180.209336916376,12,8,23.0515500576052,12,8,231.772859685569,12,8,139.533495248367,12,8
228.624607605573,12,9,209.631785881583,12,9,149.767689960547,12,9,276.401589315418,12,9,34.4986390514433,12,9,109.345763426327,12,9,146.416584048332,12,9,231.997615867079,12,9,224.63993733582,12,9,316.815673419182,12,9,261.590514827829,12,9,200.488795851138,12,9,194.746543859326,12,9,20.9371115202694,12,9,250.290472585281,12,9,158.781718088211,12,9
228.520918643514,12,10,213.064633744738,12,10,152.282276061532,12,10,279.048668633374,12,10,34.2437848246035,12,10,112.68389448638,12,10,150.734985926673,12,10,233.166731247399,12,10,223.059897774026,12,10,321.30933976394,12,10,262.028458173238,12,10,200.95317136248,12,10,200.646167360055,12,10,25.6217723225439,12,10,250.775490930301,12,10,167.030252030975,12,10
238.467838210813,12,11,224.158238632123,12,11,160.495375595404,12,11,290.068590836788,12,11,32.9843681694387,12,11,134.511559128849,12,11,161.45490466945,12,11,239.736294267711,12,11,233.974799267249,12,11,335.607698706465,12,11,273.906086429339,12,11,215.110755508439,12,11,215.764969362034,12,11,36.8734495081493,12,11,264.864852083128,12,11,180.121072079953,12,11
228.590264551776,12,12,203.366818600377,12,12,148.049260426583,12,12,274.871954481961,12,12,32.7359791586553,12,12,116.481607939989,12,12,149.185433765494,12,12,220.679886945975,12,12,218.181798900465,12,12,321.19279426438,12,12,255.693456729191,12,12,201.438076408445,12,12,197.294342273019,12,12,27.3566422844852,12,12,251.486367571852,12,12,167.305569860339,12,12
242.360102714712,12,13,211.540082432473,12,13,151.98570351841,12,13,281.707894504906,12,13,41.8446770414634,12,13,125.326414946131,12,13,157.506644685998,12,13,228.591212677123,12,13,225.99170665863,12,13,330.251461787161,12,13,259.821418667027,12,13,208.097487398814,12,13,207.825860050725,12,13,32.1520182903624,12,13,265.610944056481,12,13,182.526712493913,12,13
237.381228049317,12,14,207.678785039102,12,14,146.377295776484,12,14,279.438214545926,12,14,36.7763908608363,12,14,124.681822639103,12,14,162.526714244803,12,14,222.789650191935,12,14,216.002639643994,12,14,326.706593389087,12,14,252.527705401481,12,14,209.702149628716,12,14,202.28113290481,12,14,33.5534171971148,12,14,265.653851311995,12,14,188.483678218751,12,14
275.498696813479,12,15,211.984252510209,12,15,145.232501874687,12,15,283.636269479678,12,15,51.1565921995877,12,15,132.383829742559,12,15,172.842267950167,12,15,223.501002737794,12,15,219.792585390923,12,15,333.724812367213,12,15,256.838554978954,12,15,215.440016256321,12,15,205.358903632724,12,15,44.2547836252486,12,15,276.538052347352,12,15,195.849136067056,12,15
252.456930927332,13,0,181.180816475121,13,0,146.48332756732,13,0,244.63649780931,13,0,53.1020232780022,13,0,81.170846646403,13,0,124.591191323419,13,0,211.261164259148,13,0,205.536999805757,13,0,291.12996136556,13,0,243.216391500464,13,0,178.997671365274,13,0,163.783057423341,13,0,36.5645597764272,13,0,222.353000481861,13,0,133.903967498533,13,0
273.284544141644,13,1,201.559870935738,13,1,157.441194255751,13,1,267.418592765837,13,1,45.0278086020933,13,1,101.064188750005,13,1,140.7910157445,13,1,230.550462748645,13,1,226.065644335929,13,1,310.224310407855,13,1,263.960601119626,13,1,196.042055774125,13,1,184.05899045713,13,1,24.7336525456211,13,1,237.409007557642,13,1,155.04134702987,13,1
278.529948065711,13,2,208.356922939517,13,2,161.801406965035,13,2,277.000020241294,13,2,37.2993452140566,13,2,109.210183424541,13,2,149.645642847613,13,2,239.684567029897,13,2,234.068124984295,13,2,314.985504233464,13,2,267.895546110132,13,2,204.597283424889,13,2,193.18106663031,13,2,18.7997674806126,13,2,248.267186084168,13,2,163.488124988976,13,2
293.525448312004,13,3,225.934731699905,13,3,174.311301134692,13,3,292.920832904511,13,3,35.8873479481112,13,3,132.272564996389,13,3,165.500747529814,13,3,255.789788523907,13,3,249.129726881772,13,3,332.578991898826,13,3,289.981840248,13,3,222.533103433755,13,3,214.28364756571,13,3,26.344933784339,13,3,267.09389309279,13,3,181.359085380341,13,3
280.817097365473,13,4,211.401646790306,13,4,156.788391853776,13,4,281.834045561305,13,4,34.813233810015,13,4,113.072252209204,13,4,150.524326420298,13,4,240.279195016032,13,4,234.796743761664,13,4,316.913884584022,13,4,271.826541256353,13,4,206.48512866488,13,4,193.574573801811,13,4,20.8182117781325,13,4,249.323188956727,13,4,165.26882445724,13,4
299.14743235728,13,5,228.522587468871,13,5,174.151998605762,13,5,300.827440752624,13,5,31.8072273612265,13,5,130.662804500438,13,5,163.621505341828,13,5,256.730774009962,13,5,250.066442952595,13,5,338.171243126954,13,5,286.939967021655,13,5,220.474219585663,13,5,211.877705733035,13,5,28.7190411913867,13,5,271.931529173882,13,5,185.545217123517,13,5
299.887636914166,13,6,231.980605618383,13,6,174.828136332549,13,6,303.750718304049,13,6,38.180871188369,13,6,139.882713308108,13,6,165.60661425167,13,6,261.147476267189,13,6,256.679616460372,13,6,345.708206574684,13,6,295.071435919732,13,6,226.672920828475,13,6,218.491662774003,13,6,38.3530747299165,13,6,276.731769011908,13,6,195.68320639035,13,6
314.309691680144,13,7,250.514034653601,13,7,185.930870839074,13,7,321.401071493284,13,7,49.2831100189756,13,7,150.870234430405,13,7,178.792201224165,13,7,277.475188019588,13,7,271.956675719296,13,7,360.907957798761,13,7,311.461435599744,13,7,239.819669827397,13,7,235.652618783943,13,7,44.0186470056566,13,7,295.698357949835,13,7,207.011016268901,13,7
278.855001237993,13,8,212.420232801832,13,8,164.550433855881,13,8,288.111170024743,13,8,26.8864840927871,13,8,116.51040107441,13,8,152.624562923098,13,8,243.123365112349,13,8,235.187092104655,13,8,328.913704137258,13,8,272.721721732811,13,8,205.749593477833,13,8,202.813809533533,13,8,27.893033261863,13,8,259.512158144152,13,8,175.07423086562,13,8
290.733597717126,13,9,229.578996843997,13,9,170.353156038961,13,9,302.800637606107,13,9,37.5473796125369,13,9,133.766715428999,13,9,164.274739021619,13,9,256.927659693646,13,9,247.248092335217,13,9,342.851614691851,13,9,286.533447275528,13,9,218.567857443323,13,9,218.934295707679,13,9,40.4480352605827,13,9,277.537992222074,13,9,185.737907376689,13,9
297.558791159933,13,10,234.200040668845,13,10,172.260426291732,13,10,306.399324021471,13,10,39.3111819970822,13,10,140.80190999411,13,10,166.724802987518,13,10,258.857248895337,13,10,250.18257676182,13,10,348.443247404768,13,10,285.745451983194,13,10,227.79700608899,13,10,221.028772649186,13,10,39.1869524357641,13,10,276.654511167891,13,10,187.789387926324,13,10
270.62045314175,13,11,247.119650266535,13,11,179.073531908285,13,11,315.475433719942,13,11,47.9309816185268,13,11,152.806918996038,13,11,180.145774023692,13,11,270.909520639516,13,11,261.948662812781,13,11,357.580111418869,13,11,299.238466874375,13,11,239.279424653464,13,11,234.891380030277,13,11,46.2220651803013,13,11,292.957987215497,13,11,204.565606244909,13,11
264.357160006171,13,12,232.146194810446,13,12,165.925271632743,13,12,300.451228379586,13,12,43.4235356795065,13,12,137.826370427584,13,12,163.974630389578,13,12,252.733480927225,13,12,243.076399811805,13,12,339.281006842994,13,12,281.870447853923,13,12,223.676100452794,13,12,218.823565400721,13,12,38.2934080144917,13,12,276.434232098056,13,12,195.367489245383,13,12
273.538295944573,13,13,242.116437624104,13,13,172.122350556389,13,13,313.11007062503,13,13,51.8077634464724,13,13,157.887633248315,13,13,171.829223572848,13,13,257.451811107977,13,13,247.288040355704,13,13,347.743816760248,13,13,286.491690648753,13,13,234.46322980618,13,13,228.811475432593,13,13,49.195257572339,13,13,288.71844572635,13,13,209.207476537958,13,13
309.931371195234,13,14,236.870953697815,13,14,166.999859718677,13,14,309.75115403277,13,14,54.2629024592456,13,14,149.295039167441,13,14,172.960461667506,13,14,251.140988665948,13,14,242.361996268767,13,14,348.638405791325,13,14,281.14166591092,13,14,232.246499409373,13,14,224.753348315452,13,14,51.5144263069732,13,14,286.850267454758,13,14,211.699775526094,13,14
315.820210678992,13,15,238.459633461948,13,15,167.093005472359,13,15,315.767519007631,13,15,64.7134450116378,13,15,158.701627604292,13,15,179.656771975515,13,15,250.550837844835,13,15,246.923948792847,13,15,354.895995563571,13,15,282.860188209669,13,15,240.616171422811,13,15,231.890679151136,13,15,62.7231038849778,13,15,294.508279360705,13,15,221.891605866461,13,15
283.40840201446,14,0,217.216209116338,14,0,175.870790075979,14,0,285.995279879166,14,0,31.7906313043264,14,0,122.157122394455,14,0,130.464645851029,14,0,243.133159545248,14,0,236.069933652737,14,0,319.812023198703,14,0,272.520673240351,14,0,206.989948890485,14,0,194.351705998007,14,0,23.9857687758315,14,0,249.983564368589,14,0,167.8491398927,14,0
300.779050575968,14,1,238.10867370773,14,1,190.373810806837,14,1,304.636344615469,14,1,33.2957891530553,14,1,140.811986593053,14,1,150.267595144158,14,1,261.12536717422,14,1,258.534805790309,14,1,340.959303923466,14,1,291.269397879078,14,1,228.486474013058,14,1,214.194815803005,14,1,29.2961383500685,14,1,273.532236041984,14,1,182.97734645421,14,1
308.345162370693,14,2,242.829828863118,14,2,186.424098534159,14,2,308.969781054675,14,2,43.1610867210017,14,2,144.57833268199,14,2,165.830279868306,14,2,268.553081716625,14,2,261.247391298213,14,2,347.385395843752,14,2,299.879221576036,14,2,234.857971862514,14,2,217.538016400092,14,2,32.139471590786,14,2,280.971867031517,14,2,191.948696218046,14,2
305.146900781163,14,3,261.560477669674,14,3,197.983072621302,14,3,328.690301146259,14,3,58.8961092878669,14,3,163.667852742198,14,3,181.130307766552,14,3,287.566505782735,14,3,279.194509710851,14,3,366.733687700895,14,3,319.761695918028,14,3,251.655723183386,14,3,241.156038814167,14,3,52.0586120764331,14,3,299.428385861683,14,3,211.110283740954,14,3
261.22403399336,14,4,247.159513034191,14,4,181.785278490534,14,4,315.476684543456,14,4,45.4721098116017,14,4,154.15919075523,14,4,168.009702913933,14,4,273.240954563752,14,4,265.147286428202,14,4,352.135600887325,14,4,301.804618448251,14,4,235.342796563271,14,4,222.118556598547,14,4,36.7224281748274,14,4,282.048423356678,14,4,196.609372524239,14,4
280.579483585711,14,5,264.034647267522,14,5,191.809109257639,14,5,329.932554617385,14,5,59.4380617047038,14,5,175.58691959838,14,5,186.229425634885,14,5,287.584205810984,14,5,280.111902352711,14,5,367.036820532615,14,5,318.339343548245,14,5,254.104862689044,14,5,240.734966793564,14,5,49.7169743187973,14,5,299.949469519062,14,5,213.875833357663,14,5
284.875822195651,14,6,271.05541192587,14,6,193.592751130639,14,6,337.460659793571,14,6,66.1023193048843,14,6,175.556883647086,14,6,190.11754767478,14,6,289.53734778191,14,6,284.245037766682,14,6,372.961913206025,14,6,323.034348922857,14,6,262.288044387541,14,6,249.680367171931,14,6,55.3919115199771,14,6,308.792655677008,14,6,218.413005178255,14,6
297.293489527289,14,7,287.483491857433,14,7,200.687638256255,14,7,351.32932789585,14,7,78.8769749765573,14,7,190.415550153851,14,7,208.84458092604,14,7,308.477291002431,14,7,303.444677219118,14,7,390.356127394809,14,7,340.068196421721,14,7,279.169423641896,14,7,264.682745138556,14,7,69.7064331988848,14,7,324.286505549855,14,7,238.912561052604,14,7
259.757163815349,14,8,249.908881299672,14,8,182.841518625683,14,8,320.841427921962,14,8,49.070590526645,14,8,153.249671289813,14,8,172.063925581363,14,8,274.057253771516,14,8,267.628256178139,14,8,353.622008492614,14,8,301.969346541193,14,8,243.948262924363,14,8,233.747993023368,14,8,42.0882812660079,14,8,290.361928588968,14,8,204.546202157771,14,8
277.079842588339,14,9,260.305817716691,14,9,193.544788870787,14,9,335.084255863576,14,9,64.0008343479825,14,9,169.569367177968,14,9,192.323673053667,14,9,288.390301978768,14,9,279.365464525556,14,9,370.05778550578,14,9,317.294627661704,14,9,257.446679642545,14,9,249.041951515019,14,9,51.4670121522038,14,9,304.623470074611,14,9,221.932333859456,14,9
291.306508796343,14,10,256.848420758398,14,10,193.63268911079,14,10,340.455957700742,14,10,63.5811343057809,14,10,173.552638044204,14,10,192.687686143235,14,10,287.055409636146,14,10,281.697538992449,14,10,375.072302384467,14,10,318.843398492251,14,10,262.942997103602,14,10,253.10168478511,14,10,54.38781721921,14,10,311.181680798011,14,10,229.644821866102,14,10
302.892712851704,14,11,268.345407987946,14,11,201.313776159595,14,11,351.244748601388,14,11,75.3270062882522,14,11,197.276825428837,14,11,207.428180628751,14,11,298.772228523589,14,11,292.249617948155,14,11,385.026453004913,14,11,330.918750127464,14,11,278.248940323065,14,11,264.860233827242,14,11,73.428173012404,14,11,327.908595833953,14,11,240.491504277651,14,11
291.816112082111,14,12,257.066953221529,14,12,189.458142942859,14,12,337.122369821914,14,12,66.7995430282913,14,12,186.229245471376,14,12,198.006871812454,14,12,281.207751578973,14,12,277.118552168002,14,12,374.253094317395,14,12,312.257706169841,14,12,261.796322001832,14,12,252.545002107026,14,12,61.2535030429979,14,12,318.836291688603,14,12,229.92443974229,14,12
294.415113851158,14,13,266.50548156186,14,13,197.625871440213,14,13,347.81606202871,14,13,80.486146154986,14,13,201.717582641473,14,13,212.58617591997,14,13,288.186042171546,14,13,285.614452785618,14,13,385.83548947155,14,13,319.396328316409,14,13,272.281918971183,14,13,262.995625281934,14,13,73.7407723978017,14,13,323.833277589553,14,13,243.97888824075,14,13
292.433355550241,14,14,264.685824958935,14,14,194.993634570844,14,14,343.465939905093,14,14,81.6029353031298,14,14,189.530571127607,14,14,217.017795916005,14,14,285.522082514697,14,14,281.078074887501,14,14,383.346210979788,14,14,317.722664763536,14,14,270.522380171662,14,14,261.20449240412,14,14,76.9375276834352,14,14,327.627504777383,14,14,248.636075702413,14,14
309.284833386322,14,15,270.557553896335,14,15,196.055276052121,14,15,349.9292027161,14,15,88.661014085022,14,15,196.598985428199,14,15,226.586385469348,14,15,283.75380814712,14,15,283.049517030219,14,15,390.178257062706,14,15,321.079736018139,14,15,279.192084888156,14,15,268.285617305308,14,15,89.7987919941529,14,15,338.766172473381,14,15,262.009427375571,14,15
262.175660987216,15,0,229.412784930226,15,0,189.764305042932,15,0,307.365523133377,15,0,33.2054653626112,15,0,141.263912637722,15,0,158.352143552951,15,0,261.590610169366,15,0,258.255684438251,15,0,339.222270474069,15,0,299.569496409,15,0,231.367447511596,15,0,215.817510660081,15,0,34.8038001053153,15,0,279.873887232804,15,0,191.787963022168,15,0
277.596018681429,15,1,248.801250908618,15,1,200.773516940831,15,1,326.487399883084,15,1,49.7925160204139,15,1,160.186251012922,15,1,174.501092872684,15,1,280.658362352313,15,1,277.162639826464,15,1,363.136802478663,15,1,318.137869646561,15,1,252.810716355979,15,1,236.296940174144,15,1,42.9810628436259,15,1,301.282148196623,15,1,212.672537561071,15,1
283.415624054602,15,2,255.757924516509,15,2,204.306357174756,15,2,328.309706242104,15,2,55.6814549013071,15,2,171.168282775689,15,2,181.679364295146,15,2,287.576968158487,15,2,286.748514901004,15,2,369.119426902571,15,2,324.732982207578,15,2,256.686921188231,15,2,243.187857279272,15,2,48.9692006023618,15,2,303.810017592515,15,2,213.895161240341,15,2
301.082791102559,15,3,274.66030912033,15,3,217.191742072388,15,3,346.539068009597,15,3,71.7294722417611,15,3,188.387250611894,15,3,201.551730730946,15,3,306.918767526433,15,3,304.770187378805,15,3,386.009799657975,15,3,342.444181356695,15,3,273.695131754993,15,3,260.277203688565,15,3,63.6492726426591,15,3,318.393572947368,15,3,233.88487523721,15,3
287.233088433982,15,4,261.572635760437,15,4,200.405257199837,15,4,335.197141489138,15,4,59.2556038668282,15,4,170.175574159135,15,4,184.922508957916,15,4,290.53674742442,15,4,289.01232581093,15,4,370.344694939565,15,4,324.752295841941,15,4,259.545089849186,15,4,245.538500578538,15,4,47.6919664274756,15,4,306.102281907,15,4,220.185953504879,15,4
306.298800106747,15,5,277.090825670259,15,5,213.529159346184,15,5,352.600729037659,15,5,74.1043396317258,15,5,190.548218586831,15,5,205.608774691679,15,5,310.635984163125,15,5,305.959623240431,15,5,386.491658974914,15,5,345.625006316303,15,5,278.010029864284,15,5,263.948696856682,15,5,62.1020269584526,15,5,320.999331085431,15,5,236.165908429907,15,5
309.13476510327,15,6,278.65516274525,15,6,219.754393242583,15,6,356.964242270003,15,6,77.691956467176,15,6,212.29661464437,15,6,218.095835740336,15,6,313.979064127275,15,6,312.010753395943,15,6,393.642853663792,15,6,350.666663701178,15,6,280.429781761376,15,6,272.53567166308,15,6,69.3153878330955,15,6,326.236399285265,15,6,245.545485698298,15,6
326.236233846725,15,7,296.059001707007,15,7,229.380702159042,15,7,375.017217698659,15,7,89.3180112913118,15,7,221.089019146152,15,7,231.827115566453,15,7,326.833555682931,15,7,329.367496337664,15,7,408.556621443957,15,7,369.645876403239,15,7,296.155442159789,15,7,290.886058798875,15,7,87.5269162311476,15,7,349.076721749293,15,7,260.724183366268,15,7
288.094943263039,15,8,258.76118553478,15,8,204.247340454968,15,8,343.579434681546,15,8,64.7848443751866,15,8,179.609528713844,15,8,191.646519953847,15,8,292.6462238404,15,8,294.414767479288,15,8,374.431981151445,15,8,327.066689989337,15,8,264.806935368003,15,8,260.039618961088,15,8,56.2683026783694,15,8,313.697337341754,15,8,223.783248674812,15,8
302.400494115393,15,9,275.562295237218,15,9,211.960365828422,15,9,357.451979881842,15,9,79.0317134623484,15,9,195.632906579226,15,9,204.41828261332,15,9,302.916359957817,15,9,308.144593526458,15,9,388.372890060425,15,9,343.914497842424,15,9,277.823214229386,15,9,272.701913862428,15,9,73.6464908947549,15,9,329.693384601015,15,9,242.603874485106,15,9
305.593990031025,15,10,280.131170386274,15,10,212.347637079044,15,10,358.688878550505,15,10,80.3701465591473,15,10,200.712538433995,15,10,213.026051175179,15,10,306.973174037086,15,10,310.856758647941,15,10,392.594003384865,15,10,346.217920680991,15,10,282.464215862523,15,10,277.863028533513,15,10,76.1063255166751,15,10,333.075147614992,15,10,247.536593760046,15,10
326.156403152036,15,11,290.088199557826,15,11,218.075060978538,15,11,371.992095972775,15,11,94.0331694376381,15,11,215.090744872443,15,11,230.099350098945,15,11,321.384155903716,15,11,319.898852584936,15,11,405.3196542073,15,11,355.961106997832,15,11,296.567653924339,15,11,290.454372424086,15,11,89.7038600668869,15,11,342.087523515041,15,11,264.790363354882,15,11
314.306422096141,15,12,281.276606634329,15,12,206.840572288939,15,12,359.55822577078,15,12,89.5367570356896,15,12,196.139442791049,15,12,213.743097597881,15,12,304.737774926832,15,12,305.820225763467,15,12,397.34684624639,15,12,339.454798568627,15,12,280.147645466235,15,12,275.208284669158,15,12,83.459621481815,15,12,332.439657076523,15,12,249.410031647436,15,12
322.069460894343,15,13,287.678382089893,15,13,214.168776754803,15,13,369.160982883816,15,13,100.264999936261,15,13,208.996716405171,15,13,228.385093005187,15,13,312.150753147824,15,13,311.991692532549,15,13,406.690152189057,15,13,347.148089235294,15,13,291.992979141572,15,13,287.076115468815,15,13,94.0475943921308,15,13,348.134306856519,15,13,263.290734631121,15,13
329.050353902874,15,14,286.124061060442,15,14,213.887316908617,15,14,367.361395200435,15,14,100.869220655966,15,14,209.13868874076,15,14,234.672918299421,15,14,307.066850724216,15,14,308.236858663357,15,14,406.112666983529,15,14,344.328678471097,15,14,292.299792628517,15,14,290.321769862996,15,14,99.3742397712358,15,14,347.795694286244,15,14,268.966092805535,15,14
340.741103521703,15,15,293.889052104556,15,15,220.523774236334,15,15,373.273358940811,15,15,107.623148132787,15,15,220.967158090635,15,15,243.599959139388,15,15,308.824582288039,15,15,311.579307241541,15,15,413.783562608439,15,15,350.126145843126,15,15,300.786439041089,15,15,295.919377449634,15,15,116.255616783285,15,15,357.708995250605,15,15,281.521583132846,15,15
